title,label
1월 지역순회시 주차비고속도로통행료 발생,2
사고 처리 업무 후 버스 탑승(대소터미널->동서울터미널),0
21년 환경보전협회 연회비 납부,3
02월 공장장 외부사택 월세금,3
톨비 및 주차 영수증,0
발렌타인 신제품 본생산 참관,4
1월 영업목적 톨게이트비용,0
고속도로 통행료 및 주차장,0
고속도로통행료 및 주차비,0
뚜)가맹점주 양성과정 식대 건,6
업무차발생 고속도로통행료,0
하이패스 사용료,0
비연고 교통비신청(994262),0
올림픽공원점 점검방문주차,2
업무차교통비_주차비(~1/29)상신의 件,2
계절밥상 동탄점 전세권 말소 공과금,3
비연고 교통비신청(995499),0
빕스문정점 임차권말소 공과금,3
빕스수원역점 전세권변경 보수액,3
비연고 교통비신청(200236),0
공간디자인담당자 중식(W박도이 외 3名),6
대표이사차량 주유비,1
회의시식대,6
광주사무실 주차 쿠폰,2
사무실 출근시 주차장 이용,2
1/29 뚜)평택지제센트럴파크점 현장미팅 (통행료),0
주유비 실사용 금액,1
SC 중식으로 인한 사용,6
01월 급식비 정산,6
2월 주차장 임차료,3
1월 일반경비 주차비 및 톨게이트 이용 금액,0
1월 점포간 이동시 주차비,2
1월 점포간 이동시 주차비,2
계절밥상 동탄점 전세권 말소 보수액,3
비연고 교통비신청(995499),0
빕스문정점 임차권말소 보수액,3
빕스올림픽점 전세권말소 공과금,3
빕스수원역점 전세권변경 공과금,3
빕스 중동소풍점 김린하님 택시비,0
사무실 주차 월권 추가(투썸1대),2
업무차발생 고속도로통행,0
2월 부산서면점 김향래 월주차비용,2
얌딜리버리_에스닉메뉴개발 신규식재서칭_서종훈,4
얌딜리버리_에스닉메뉴개발 신규식재서칭_서종훈,4
점포개발팀 미팅 후 팀원 식사,6
주차비 (본부 출근시 주차 비용),2
평내 후보점 인근 주차 사용,2
주유비 결재취소 금액,1
주유비 결재금액,1
사무실 박카스 등 음료 구매로 인한 사용,6
IFC 선납 임차료,3
법무 법인인감증명서 발급 비용(100매),3
2/3일 it운영파트 저녁 총 5명,6
TP 폭탄피자 투고용 패키지 구입,4
복합화 사업팀 미팅 후 식사,6
전략지원담당 법무 법인인감증명서 발급 비용(100매),3
통행료,0
창동대우점 방문 후 주차비,2
2월 시장조사 _택시이동,0
2월 시장조사 _ 제품구매(파리바게트),4
2월 시장조사 _ 제품구매(시간을 들이다),4
2월 시장조사 _택시이동,0
신제품개발 시장조사 교통비(김기현외2명)타임스퀘어,0
신제품개발용 시장조사 제품구매,4
신제품개발용 시장조사 제품구매,4
구매파트 잔업 식사 件(2/3수),6
2월 생일자 축하케익 구매 차,6
야근 후 퇴근 택시비(취소분),0
야근 시 석식 식,6
회의비-회의시식대,6
2/2 음성공장 출장 경비 (사업지원담당 현장안전경영),0
회의시식대,6
교통비,0
기말결산업무 퇴근교통,0
업무차 주차비 통행료,0
택시비(공급사미팅이동김석훈),0
주차,2
톨비,0
sc 업무활동으로 교통비 지출,0
sc 업무활동으로 교통비 지출,0
sc 업무활동으로 주유비 지출,1
중식비 지출,6
pm미팅식사(안지영님외),6
미국법인인력미팅식사,6
3월품평제품 시장조사 비용,4
목포대성점 오픈시 식대,6
월말감후 퇴근교통비,0
팀장님 간담회 후 퇴근교통비,0
2월주차비,2
2월주차비,2
영업활동 주차비 사용,2
영업활동 통행료 사용,0
시장조사시 식대 사용,6
투썸 스마트오더 카드매출 수수료_엔타워점,5
광화문경희궁의아침 방문,6
용산리첸시아점 방문,6
주차비 (일원역 후보점포 방문),2
꿀바게뜨 리뉴얼관련 아몬드샘플구매,4
부산점 점검후 복귀 교통비,0
야근시 저녁구입,6
부산장산점 주방 중식시식대,6
부산서면점 김향래님외4명 중식시식대,6
비연고 교통비신청(994262),0
잠실점 점검 방문 주차,2
비연고 교통비신청(997786),0
1월 하이패스 영수증,0
1월 점포간 이동시 톨비,0
근저당 설정시 법무사 선지급 조세공과금액,3
빕스올림픽점 전세권말소 보수액,3
비연고 교통비신청(200236),0
대리운전 이용대금 정산,0
교통비,0
사무실 주차 월권,2
하이패스비용 사용건,0
주유비 결재금액,1
주유비 실사용 금액,1
주유비 결재취소 금액,1
델리 신제품 2종 물류테스트를 위한 시생산 재료비 비용,4
가맹점주 양성과정 수료증 등기발송 건,3
사무실 출근시 주차장 이용,2
톨비 및 주차 영수증,0
월 주차장 사용_시민준,2
뚜 구로디지털직영점 현장점검/협의 음료,6
2/3일 it운영파트 저녁 총 5명,6
배달대행 미배차로인한 직접배달,0
2月 [정비수수료_키즈룸 오락기 2대 렌탈료],5
주차장 임차료(1대추가),3
한일병원점 방문 후 주차비,2
2월 시장조사 _ 제품구매(브레드숨),4
2월 시장조사 _ 제품구매(파리바게트),4
3월 신제품 케익 데코용 깍지구매,4
강동강일점 방문 주차료.,2
21년 2월 주유대금.,1
주차비,2
신제품개발용 시장조사 제품구매,4
신제품개발용 시장조사 제품구매,4
신제품개발 시장조사 교통비(김기현외2명),0
야근 후 퇴근 택시비(취소분),0
야근 후 퇴근 택시비,0
회의 시 음료,6
2/2 음성공장 출장 경비 (사업지원담당 현장안전경영),0
회의시식대,6
재무팀 기말회계감사 잔업시식대,6
재무팀 기말회계감사 잔업시식대,6
재무팀 퇴사자 송별회,6
SC 점포 방문간 유료주차(대구가톨릭병원점),2
2월 SKT 및 구정 활성화 회의 후 식사 (SCPMQC),6
휘발유 주,1
사무실출근시주차장사용,2
(28일 29일 1일 2일) 감사 3층 음료비,6
정기 주차,2
팀 식사,6
sc 업무활동으로 교통비 지출,0
sc 업무활동으로 교통비 지출,0
중식비 지,6
공기청정기 렌탈료,3
pm미팅식사(안지영님외),6
포장재 업체 선정 오디트 (위너스패키지),6
포장재 업체 선정 오디트 (위너스패키지),6
3월품평제품 시장조사 비용,4
3월품평제품 시장조사 비용,4
업무차교통비_주차비(~1/29)상신의 件,2
업무 후 귀가,0
2월 휴먼파트너 도급수수료(연봉제),5
2월주차비,2
2월 CJ키즈빌 운영경비(상암),3
대한항공 부산 물류 대행 수수료,5
냉동 밴더 수수료,5
2月 [용역수수료_ADT 캡스 경비 용역수수료],5
영업활동 통행료사용,0
영업활동 주차비 사용,2
2/1 뚜)김제검산점re 점주 도면협의(통행료_1),0
뚜)서청주파크자이점 점주 도면협의 (주차비),2
사무실 방문,0
sc 주유 사용,1
뚜레쥬르 대화역 방문,0
폐점직원식사_ 짜장면 탕수육 볶은밥등,6
미팅용 브레드박스 구매 시 제당사옥점 방문,0
미팅용 브레드박스 구매 후 을지로사옥 복귀,0
주유비 톨게이트,1
2월 복합기 임대료,3
아이스크림 기계A/S,3
출장시 KTX 비용,0
미팅시 식사대,6
대전 출장시 이동간 택시비,0
나사렛국제병원 출점 후보지 방문시 주차료,2
개발활동시 고속도로 통행료,0
업무차통행료주차,2
홀 센터피스 용 꽃 구매시 주차료 件,2
마두역 신제품 교육시 발생된 주차비,2
롯데마트 부평역점 방문 주차비용,2
업체 미팅 시 음료구매(함샤우트),6
2월 1주차 4구 반상 용기 발주,2
본사방문 주차,2
주유,1
염창역방문주차,2
스타필드 담당자 미팅시 음료 구입,6
푸드홀 : 직원식사 구입,6
진천공장 프로세스 협의 위한 출장비,0
프레시웨이 액란 담당자 인수인계 미팅 이동시 택시비,0
팀 식사,6
톨비,0
휘발유 주유,1
카페서대문역점 방문시 주차비,2
종로점 방문시 주차비,2
종로점 방문시 주차비,2
국립중앙의료원점 방문시 주차비,2
목포대성점 오픈시 식대,6
목포대성점 오픈시 식대,6
비연고 교통비신청(200817),0
카페구리갈매점 방문시 발생한 주차,2
카페구리수택점 방문시 발생한 주차,2
점포 방문활동시 발생한 고속도로 통행료,0
삼육병원 방문시 발생한 주차비용처리,2
점포 방문활동시 발생한 고속도로 통행료,0
롯데마트 구리점 방문시 발생한 주차비,2
의정부고산점 오픈 준비 미팅 관련 음료구입비용,6
배달의민족(카드수수료 및 결제망 이용료),5
현장방문시 통행료,0
현장활동시 통행료,0
현장활동시 주차비,2
비연고 교통비신청(994988),0
비연고 교통비신청(994988),0
뚜 구로디지털직영점 현장점검 주차,2
배달대행 미배차로인한 직접배달,0
기획팀 미팅 후 식사,6
유류비,1
카페수유역점 방문 후 주차비,2
2월 시장조사 _ 제품구매(브레드05),4
2월 시장조사 _택시이동,0
2월 시장조사 _택시이동,0
2월 시장조사 _택시이동,0
베이커리연구소&상품팀 저녁 식대(4인),6
21년 2월 하이패스 대금.,0
하이패스,0
신제품개발용 시장조사 제품구매,4
신제품개발용 시장조사 제품구매,4
비연고 교통비신청(995144),0
주차비 (본부 출근시 주차 비용),2
주차비 (삼성동 후보점 사이트 방문),2
2월 신제품 누끼 촬영(3컷),4
2월 주유비용,1
야근 후 퇴근 택시비(취소분),0
야근 시 배달 식대,6
유류비,1
2/2 음성공장 출장 경비 (사업지원담당 현장안전경영),0
대표이사차량 주유비,1
재무팀 기말회계감사 잔업시식대,6
1월 퇴근교통비,0
SC 점포 방문간 하이패스 통행료,0
와플대학 주차,2
sc 업무활동으로 주유비 지출,1
sc 업무활동으로 교통비 지출,0
sc 업무활동으로 교통비 지출,0
양주 방문시 미팅식사(김기회님외),6
상반기 시장조사 택배비,4
초클레어냉동반죽 본생산 교통비(음성->대소),0
초클레어냉동반죽 본생산 교통비(대소->남부),0
3월품평제품 시장조사 비용,4
3월품평제품 시장조사 교통비,0
목포대성점 오픈시 식대,6
2월 휴먼파트너 도급수수료(연봉제 연말정산),5
2月 [용역수수료_세스코 방역 방제 청소용역 수수료],5
영업활동 주유비 사,1
팀장님외 2명 식사 비,6
2/1 뚜)김제검산점re 점주 도면협의(통행료_2),0
신제품 품평회시 주차 사용(주차장),2
주차비 (본부 출근시 주차비용),2
주차비 (수서 로즈데일 빌딩 후보점 조사),2
야근시 저녁구입,6
주차비 (서울역사점 협의),2
출장시 KTX 비용,0
미팅시 음료대,6
개발활동시 고속도로 통행료,0
앨리웨이인천 후보지 현장 방문시 주차료,2
개발활동시 고속도로 통행,0
마두역 T-day 생산량 증대 사전점검시 발생된 주차비,2
업체 미팅 시 음료구매(카카오광고),6
뚜 타일샘플 자재관련 미팅_음료,6
발산마곡점방문주차,2
연수단비점 방문시 주차비용,2
수입액란 공급업체(세븐시시) 미팅시 음료구매,6
2/5 진천공장 에그앤(전란제조업체) 출장시 하이패스 비용,0
21년 02월 시내교통비_박아영님,0
주차,2
2월 톨게이트 비용,0
종로점 방문시 주차비,2
목포대성점 오픈시 식대,6
점포 방문활동시 발생한 고속도로 통행료,0
가능역 방문시 발생한 주차비,2
점포 방문활동시 발생한 주유비,1
점포 방문활동시 발생한 고속도로 통행료,0
청량리 미주점 방문시 발생한 주차비,2
O2O 배민오더 2021년 1월 제휴수수료 件,5
O2O 배민오더 2021년 1월 제휴수수료 件,5
O2O 배민오더 2021년 1월 제휴수수료 件,5
O2O 배민오더 2021년 1월 제휴수수료 件,5
O2O 배민오더 2021년 1월 제휴수수료 件,5
매장 방문 시 유류비용,1
O2O 배민오더 2021년 1월 제휴수수료 件,5
O2O 배민오더 2021년 1월 제휴수수료 件,5
O2O 배민오더 2021년 1월 제휴수수료 件,5
O2O 배민오더 2021년 1월 제휴수수료 件,5
O2O 배민오더 2021년 1월 제휴수수료 件,5
영업활동 주유비,1
톨게이트비,0
2월 톨게이트 비용,0
이천터미널 방문주차,2
2월 톨게이트 비용,0
2월 톨게이트 비용,0
영업활동시 주차비 사용,2
개인제과점 시장조사시 이용,4
개인제과점 시장조사시 이용,4
가맹상담시 커피전문점 이용,6
영업활동시 주차비,2
개발팀 회의시 식대,6
O2O 배민오더 2021년 1월 제휴수수료 件,5
O2O 배민오더 2021년 1월 제휴수수료 件,5
O2O 배민오더 2021년 1월 제휴수수료 件,5
현장활동시 유류대,6
구 계약서 이관(광주팀),6
현장활동시 주차비,2
점포개발팀 소모품비 사용건,6
유류비 사용건,6
팀원 미팅 시 음료구입,6
구정 격려금_유일,6
O2O 배민오더 2021년 1월 제휴수수료 件,5
주차비 사용 件,2
주차비 사용 件,2
주유비 사용 件,1
통행료 사용 件,6
본사 회의시 다과대,6
본사 회의시 다과대,6
하이패스,0
점포 이동 및 주차 건,2
점포 이동 간 톨게이트 사용 건,0
점포 이동간 톨게이트 사용 건,0
주차비결제,2
주차비결제,2
업무 미팅 후 식대,6
주차비,2
톨비,0
톨비,0
가맹사업부 영업3팀장 면담 후 중식,6
전주지역 업무진행시 숙박으로 인한 사용,6
가맹점 방문시 주유 사용,1
O2O_위메프오 1월 제휴정산 수수료 件,5
뚜 구로디지털직영점 현장점검/협의 음료,6
육수보온고 수리비,6
통행료,6
식대(회의 후 직원독려),6
주차료(본사 사업부주간회의),2
식대(성남여수 점검후 직원독려),6
식대(점원계산오류),6
음료(점주면담 T행사 관련),6
식대(용인지역 담당SCPM 직원독려),6
주유비,1
점포개발팀 구성원 미팅 후 음료구입,6
기획팀 구성원 미팅 후 식대,6
기획팀 구성원 미팅 후 음료구입,6
종량제봉투 구매비,6
업무차발생 휘발유주유,1
20210206_캐디피정산(거래선:송사부수제고로케),6
유해화학물질 법적교육_석은혜님,6
백다방 신제품 포장재변경 시생산진행관련 교통비상신,0
진천공장 회의체 진행관련 교통비 비용상신 件<터미널,0
하이패스,6
수도광열비-전기료(1층),6
식권_식신 1월 제휴정산 수수료 件,5
식권_식신 1월 제휴정산 수수료 件,5
유니테크 3기 20년 12월 교육훈련,6
식권_식신 1월 제휴정산 수수료 件,5
식권_식신 1월 제휴정산 수수료 件,5
업체미팅(샌드위치) 참석후 점심식비(이승희 외 1명),6
업체점검식대비(금촌유성C&F아워홈),6
02월 대소산단관리비,6
삼성웰스토리 김해 수수료 확정가,5
냉동배송 관련 마켓컬리 시장조사-케이크빵 샛별배송,4
주차비 (가산아카데미 협의),2
O2O_쿠팡이츠(계절) 1월 제휴정산 수수료,5
출장시 KTX 비용,0
경쟁점 조사시 비용,4
미팅시 간식대,6
사무실 출근시 일주차장 사용료,2
개발활동시 주유비,1
경산센터홍보물발송,6
일반방제피닉스,6
홀 센터피스용 꽃 구매件,6
신제품 품질이슈 점검 및 점주시식  앙 ？크럼블 1개,6
O2O_배민라이더스 1월 배달팁 프로모션 비용처리 件,6
O2O_배민라이더스 1월 배달팁 프로모션 비용처리 件,6
O2O_배민라이더스 1월 배달팁 프로모션 비용처리 件,6
O2O_배민라이더스 1월 배달팁 프로모션 비용처리 件,6
2月 [수선비_화창풍력 배기후드 고장으로 인한 수리비],6
주유비 (이창윤),1
부천은하방문주,6
부천대성점 방문주차,2
발산마곡점방문주차,2
부개역북부점 방문시 주차비용,2
본사방문시 주차비용 선결재,2
부개역북부점 방문시 주차비용,2
푸드홀 : 직원식사 구입,6
카네카코리아 신규 개량제 미팅시 음료 구매(2명),6
음성공장 액란 수급 방안 협의 출장비,0
광명하안점 방문시 발생한 주차비,2
서울센터 회의후 음료,6
주차,2
주유,1
비연고 교통비신청(994252),0
비연고 교통비신청(994252),0
고속도로 통행료 사,0
2월 톨게이트 비용,0
2월 SC/QC/PM 2월 전략 회의 및 식사비용,6
장안교점 방문시 주차비,2
목포대성점 오픈시 식대,6
목포대성점 오픈시 식대,6
목포대성점 오픈시 식대,6
사무실 방문시 발생한 주차비,2
카페구리갈매점 방문시 발생한 주차비용처,2
가능역점 방문시 발생한 주차비,2
롯데마트 청량리점 방문시 발생한  주차비,2
카페구리수택점 방문시 발생한 주차비,2
O2O 배민오더 2021년 1월 제휴수수료 件,5
O2O 배민오더 2021년 1월 제휴수수료 件,5
O2O 배민오더 2021년 1월 제휴수수료 件,5
O2O 배민오더 2021년 1월 제휴수수료 件,5
O2O 배민오더 2021년 1월 제휴수수료 件,5
SC 본사 방문 시 주차 비용,2
건국대병원점 방문 시 주차 비용,2
강남점 방문 시 주차 비용,2
O2O 배민오더 2021년 1월 제휴수수료 件,5
O2O 배민오더 2021년 1월 제휴수수료 件,5
O2O 배민오더 2021년 1월 제휴수수료 件,5
O2O 배민오더 2021년 1월 제휴수수료 件,5
O2O 배민오더 2021년 1월 제휴수수료 件,5
부산부경대 점주와 딜리버리관련 상담시 점심식사,6
부산부경대 점주와 딜리버리관련 상담시 점심식사,6
부산부경대점 방문시 주차비,2
거제아주덕산점 리뉴얼 상담 후 점심식사,6
2월 톨게이트 비용,0
여주오학 점주님 동행 신BI 방문 t식사,6
영업활동시 통행료,0
영업활동시 주차비,2
영업활동시 주유비,1
영업활동시 통행료,0
울산 온산덕신 점주님과 식사,6
영업활동시 통행료,0
개발활동시 고속도로 통행료,0
O2O 배민오더 2021년 1월 제휴수수료 件,5
O2O 배민오더 2021년 1월 제휴수수료 件,5
톨비,0
현장활동시 경쟁사 시장조사,4
점포개발팀 회의시 식대 사용 건,6
사무실 출근시 일일주차 사용 건,2
가산알앤디 이동 교통비,0
주차비 사용 件,2
하이패스,0
점포 이동 간 톨게이트 사용 건,0
점포 이동간 톨게이트 사용 건,0
[선물양과]구정 신제품 촬영,4
주차비결제,2
유류비결제,1
톨비,0
톨비,0
O2O_요기요 익스프레스 수수료_더플레이스 영등포타임스퀘어점,5
주차비[2/1-2/5],2
sc 중식으로 인한 사용,6
가맹점 방문시 톨비 사용,0
가맹점 방문시 톨비 사용,0
뚜 구로디지털직영점 현장점검/협의 주차,2
뚜 구로디지털직영점/강남일원_주유,1
주유비,1
주차료(이천터미널 부동산 계약 이천송정 점주동행),2
식대(점포개발 담당자 독려),6
통행료,0
음료(성남하나로마트 양수자 면접),6
음료(점주면담 T행사 및 운영 관점),6
셀프주유취소건,1
O2O_띵동 1월 제휴정산 수수료 件,5
서울팀장 미팅 후 식대,6
점포개발팀 구성원 미팅 후 식대,6
공릉점 점주 면담시 음료구입,6
강남지역 6점 T행사점검시 중식(원민지SC동행),6
안산한대역방문 발생 주차비,2
백다방 신제품 시생산진행후 복귀 <버스승차권 구입>,0
하이패스,0
식권_식신 1월 제휴정산 수수료 件,5
식권_식신 1월 제휴정산 수수료 件,5
식권_식신 1월 제휴정산 수수료 件,5
식권_식신 1월 제휴정산 수수료 件,5
식권_식신 1월 제휴정산 수수료 件,5
업무차_주차비,2
안양범계점 T-day행사 주방 중식시식대,6
충남대병원점 점포 방문시 주차비 사용건,2
[택배용역수수료]연구소분석장비테이블구매 배송비,5
네이버 스마트스토어(3PL) 1월 수수료 件,5
직원 식사(순대곱창볶음),6
하이패스 통행료,0
주차비(부산백병원점),2
주유비,1
주차비(울산신정푸르지오),2
원료 구매 _ 쌀크림용 쌀음료 3개,6
대구중동점 활성화 면담 및 경쟁사 분석 후 식사,6
비연고 교통비신청(996044),0
영업활동시 주유비,1
주차비 사용 件,2
하이패스 사용건,0
사무실 출근시 일일주차비 사용 건,2
매장 이동시 주차비 및 톨게이트비,2
양산평산점주 중식,6
유료주차장비(동아대병원점 방문),2
톨게이트비,0
영업팀 SC 3명 저녁식사,6
지급) 21.1월 프레시웨이 이천/수원센터 물류피킹수수료 확정가,5
지급) 21.1월 프레시웨이 냉동류 일배 물류대행수수료 확정가,5
주차비,2
하이패스,0
주차장,2
업무차 이동 교통비,0
배달의민족 1월 오픈리스트 중개수수료 件,5
배달의민족 1월 오픈리스트 중개수수료 件,5
배달의민족 1월 오픈리스트 중개수수료 件,5
2월 톨게이트 비용,0
휘발유 주유,1
B2B 업체방문간 택시이용,0
휘발유 주유,1
영업화동 통행료 사,0
사무실출근시주차장사용,2
현장활동시 식사,6
점포사원 주부식대-김희경,6
점포사원 주부식대-김재욱,6
점포사원 주부식대-김재욱,6
점포사원 주부식대-권기영,6
점포사원 주부식대-권기영,6
점포사원 주부식대-박지혜,6
주차및 톨비,2
주차및 톨비,2
주차및 톨비,2
주차및 톨비,2
주유,1
주차및 톨비,2
주차및 톨비,2
주차및 톨비,2
대학로점 방문 주차비,2
월 정기 주차 임차료(제이매크로),2
대학로점 방문 주차비,2
롯데마트 방문 주차비,2
대학로점 방문 주차비,2
카카오택시 선결제,0
카카오택시결제,0
O2O 배민오더 2021년 1월 제휴수수료 件,5
O2O 배민오더 2021년 1월 제휴수수료 件,5
O2O 배민오더 2021년 1월 제휴수수료 件,5
O2O 배민오더 2021년 1월 제휴수수료 件,5
O2O 배민오더 2021년 1월 제휴수수료 件,5
SC 본사 방문 시 주차 비용,2
대학로점 방문 시 주차 비용,2
O2O 배민오더 2021년 1월 제휴수수료 件,5
O2O 배민오더 2021년 1월 제휴수수료 件,5
O2O 배민오더 2021년 1월 제휴수수료 件,5
O2O 배민오더 2021년 1월 제휴수수료 件,5
O2O 배민오더 2021년 1월 제휴수수료 件,5
거제아주덕산점 리뉴얼 상담시 음료비,6
거제아주덕산점 리뉴얼 상담시 음료비,6
여주터미널 방문주차,2
2월 주유비,1
2월 주유비(구정 시즌 점간이동),1
개인제과점 시장조사시 이용,4
가맹상담시 커피전문점 이용,6
영업활동시 주차비,2
영업활동시 주차비,2
영업활동시 주유비,1
사무실 출근시 일주차장 사용료,2
O2O 배민오더 2021년 1월 제휴수수료 件,5
O2O 배민오더 2021년 1월 제휴수수료 件,5
O2O 배민오더 2021년 1월 제휴수수료 件,5
O2O 배민오더 2021년 1월 제휴수수료 件,5
현장활동시 경쟁사 시장조사,4
현장활동시 주차비,2
최영환님외 3인 간담회 후 식대,6
SC 점심식사 비,6
사무실 출근 시 일일주차 사용 건,2
제당진천공장 회의 후 점심식사(상품알앤디),6
주차비 사용 件,2
안산 한도병원 인근 의뢰인 미팅시 음료 구매 件,6
점포 이동 간 주유 건,1
점포 이동 간 주차 건,2
비연고 교통비신청(998152),0
주차비결제,2
주차비결제,2
주차비결제,2
업무 미팅 시 음료,6
주차비,2
주차비,2
수서역 로즈데일빌딩 커피빈 임대차 검토 관련 미팅,3
가맹점 방문시 주유 사용,1
21년 ISOS 서비스 이용 수수료 지,5
가맹점 방문시 톨비 사용,0
가맹점 방문시 톨비 사용,0
가맹점 방문시 톨비 사용,0
통행료[1/22-2/5],0
음료(점주면담 운영 관점 현장점검),6
식대(이천송정 점주 구조개선 면담TRM담당동행식대),6
통행료,0
식대(점원계산오류),6
음료(매니져 점주면담 운영 관점),6
통행료,0
셀프주유취소건,1
신제품 해쉬감자브리오쉬 제품조사비용,4
사업부 구성원 미팅 후 식대,6
진천공장 신제품 양산화관련 회의진행후 식사비용상신,6
식권_식신 1월 제휴정산 수수료 件,5
식권_식신 1월 제휴정산 수수료 件,5
식권_식신 1월 제휴정산 수수료 件,5
식권_식신 1월 제휴정산 수수료 件,5
O2O_달리셔스 1월 제휴정산 수수료 件,5
문경중앙 도면협의 후 식사박수영님외,6
SD인테리어SC미팅 후 식사,6
[박상군]음성공장 시생산 주차비용,2
업체점검 톨비,0
조기출근택시비,0
직접 배달하여 교통비 발생,0
외식본부 O2O POS 중계수수료 1월分,5
업무용차량 유류비 지,1
회의시식대 (채용설명회 진행),6
하이패스 통행료,0
하이패스 통행료,0
주유비,1
주차비(창원상남광장),2
주차비(창원중동),2
SC 점포 방문간 하이패스 통행료,0
비연고 교통비신청(996044),0
배경은님 외 3인 간담회 후 식대,6
현장방문시 주차비,2
현장활동시 주유비,1
주차비 사용 件,2
동탄디엠시티더센텀점 예비점주 미팅시 음료 구매 件,6
CJ올리브네트웍스 미팅 시 커피구매,6
인테리어 이경민님  미팅후 석식,6
유료주차장비,2
동아대병원점주 중식(리뉴얼오픈전 방문),6
유료톨비,0
QC월간회의 후 음료구매,6
미지급]21년 1월 신세계푸드 밀양센터 물류대행수수료,5
2월 휴먼파트너 도급수수료(시/월급제),5
지급) 21.1월 아라마크 물류대행수수료 확정가,5
하이패스,0
퇴근 교통비,0
비연고 교통비신청(200238),0
배달의민족 1월 오픈리스트 중개수수료 件,5
배달의민족 1월 오픈리스트 중개수수료 件,5
배달의민족 1월 오픈리스트 중개수수료 件,5
현장활동시 주차,2
현장활동시 주차,2
2/4음성공장 출장 톨비_그룹 특별안전점검 대응,0
뉴채널팀 주문 프로세스 미팅시 음료대(남승구 외 2명,6
상반기 시장조사비,4
점포사원 주부식대-권기영,6
점포사원 주부식대-김재욱,6
점포사원 주부식대-권기영,6
점포사원 주부식대-박지혜김희경,6
점포사원 주부식대-김재욱,6
주차및 톨비,2
주차및 톨비,2
주차및 톨비,2
주차및 톨비,2
주차및 톨비,2
pm qc 소그룹미팅후식사,6
영업활동 주유비,1
건국대병원점 방문 주차비,2
후불 하이패스,0
카카오택시,0
발렌라이브커머스 기물구입시 주차비,2
카카오택시 선결제,0
카카오택시,0
O2O 배민오더 2021년 1월 제휴수수료 件,5
O2O 배민오더 2021년 1월 제휴수수료 件,5
O2O 배민오더 2021년 1월 제휴수수료 件,5
O2O 배민오더 2021년 1월 제휴수수료 件,5
O2O 배민오더 2021년 1월 제휴수수료 件,5
O2O 배민오더 2021년 1월 제휴수수료 件,5
O2O 배민오더 2021년 1월 제휴수수료 件,5
업무차발생 주차비,2
유류비,1
주차비,2
주차비,2
식사(구성원),6
주유비,1
2월 점포 방문시 발생한 주유비,1
2월 점포 방문시 발생한 고속도로통행료,0
2월 점포 방문시 발생한 고속도로통행료,0
상봉역점 신입기사 품질점검으로 인한 주차비,2
하이패스,0
센터피스용 꽃 구매 주차비,2
2월 안전 관리 위탁수수료,5
사원 식사 재료 구매,6
품질위생점검차 점포방문시 발생된 주차비용,2
안전관리 위탁 수수료,5
머지포인트 1월 정산수수료,5
부산 출장 기차표 재구매로 인한 취소 (시간변경),0
2월 안전관리 위탁수수료,5
비연고 교통비신청(200374),0
업무후귀가택시콜비(김석훈),0
가산 R&D상품팀 미팅시커피구매,6
직원식사,6
직원식사,6
직원식사,6
직원식사,6
직원식사,6
직원식사,6
직원식사,6
직원식사,6
2월 출퇴근 교통비,0
2월 출퇴근 교통비,0
직원식사,6
직원식사,6
직원식사,6
직원식사,6
직원식사,6
직원식사,6
직원식사,6
직원식사,6
직원식사,6
직원식사,6
직원식사,6
직원식사,6
직원식사,6
직원식사,6
직원식사,6
직원식사,6
직원식사,6
직원식사,6
직원식사,6
직원식사,6
직원식사,6
직원식사,6
직원식사,6
직원식사,6
직원식사,6
서울센터 FV회의 중식대,6
구의1동점 품질평가로 인해 발생한 주차비,2
업무차교통비_점포방문 주차료,2
업무차교통비_점포방문 주차료,2
업무차교통비_점포방문 주차료,2
업무차교통비_점포방문 주차료,2
업무차교통비_주유비,1
업무차교통비_점포 이동 톨비,0
개선활동비_성남하나로마트 점주면접시음료 구입,6
회의비_2팀 매출 회의후 식대,6
팀 식사,6
2/9 OEM&HMR 파트 업무 미팅 후 점심 식사,6
점심식사(이진수님 외 5명),6
직접 배달하여 교통비 발생,0
직원 식사(떡볶이),6
유희영님김태훈님조상익님 식사,6
업무차교통비  (채용설명회 준비),0
하이패스 통행료,0
하이패스 통행료,0
주차비(울산삼산),2
SC 점포 방문간 자가차량 주유,1
현장활동시 통행료,0
영업활동시 주차비,2
영업활동시 주차비,2
[박상군]구성원간담식사( R&D소장님),6
통행료 사용 件,0
하이패스 사용건,0
사무실 출근시 일일주차비 사용건,2
유류비 사용건,1
유료톨비,0
유료톨비,0
유료주차장비,2
유료주차장비(동아대병원점 공사방문),2
QC월간회의 후 석식,6
2월 휴먼파트너 도급수수료(시/월급제 연말정산),5
주차비,2
주유비,1
가맹점 방문시 톨비 사용,0
점장 면담시 커피 구매,6
비연고 교통비신청(200238),0
서울영업팀장 구조개선 미팅 후 석식,6
카카오페이_투썸 1월 제휴 수수료 件,5
배달의민족 1월 오픈리스트 중개수수료 件,5
배달의민족 1월 오픈리스트 중개수수료 件,5
배달의민족 1월 오픈리스트 중개수수료 件,5
배달의민족 1월 오픈리스트 중개수수료 件,5
주유비 사용,1
주차비 (방이시장 후보점 조사),2
BHC품평준비전 사전미팅후 식사,6
가맹 영업팀장 식사,6
영업활동 주차비 사용,2
사업지원팀 점심식사,6
고속도로 통행료 사,0
현장활동시 식사,6
점주면담시 음료구매,6
2/2 음성공장 출장 톨비_베)사업지원담당 현장안전경영,0
니트릴장갑 공급 협의 업체 미팅시 음료대,6
점포사원 주부식대-김재욱,6
점포사원 주부식대-권기영,6
점포사원 주부식대-권기영,6
점포사원 주부식대-김희경,6
점포사원 주부식대-김희경,6
점포사원 주부식대-박지혜,6
점포사원 주부식대-김재욱,6
주차및 톨비,2
나루마을 행사상담시 식사,6
주차및 톨비,2
협의회 대표식사,6
주차및 톨비,2
주차및 톨비,2
주차및 톨비,2
주차및 톨비,2
강남점 방문 주차비,2
후불 하이패스 비용,0
가능역점 방문 주차비용,2
카카오택시 결제취소,0
뚜 강남일원점 현장실측시설협의 주차,2
O2O 배민오더 2021년 1월 제휴수수료 件,5
O2O 배민오더 2021년 1월 제휴수수료 件,5
O2O 배민오더 2021년 1월 제휴수수료 件,5
O2O 배민오더 2021년 1월 제휴수수료 件,5
O2O 배민오더 2021년 1월 제휴수수료 件,5
O2O 배민오더 2021년 1월 제휴수수료 件,5
O2O 배민오더 2021년 1월 제휴수수료 件,5
O2O 배민오더 2021년 1월 제휴수수료 件,5
업무차발생 고속도로통행료,0
주차비,2
톨게이트비,0
톨게이트,0
주유비,1
2월 점포 방문시 발생한 주유비,1
2월 점포 방문시 발생한 고속도로통행료,0
회의비_식대_이명준외1명_기술이전서 미팅 방문 시 조식,6
카페워커힐점 품질점검으로 인한 주차비,2
면목점 품질평가로 인해 발생한 주차비,2
이태원_팀장님 미팅으로 인한 주차비,2
점포근무시 주차비 및 통행료,2
팀장님sc 음료 구매시 사용,6
팀장님sc 중식으로 인한 사용,6
세스코_방제수수료,5
부산 출장 기차표 재구매 (시간변경),0
공급사미팅음료(김석훈건국),6
업무후귀가택시(김석훈),0
업무차 이동 택시비(오전미팅후-가산이동),0
직원식사,6
직원식사,6
직원식사,6
직원식사,6
직원식사,6
창동대우_T-day 생산지원. 신제품점검,4
아리랑삼거리_신제품이슈점검 및 품질점검,4
2월 출퇴근 교통비,0
직원식사,6
직원식사,6
직원식사,6
직원식사,6
직원식사,6
직원식사,6
직원식사,6
직원식사,6
직원식사,6
직원식사,6
직원식사,6
직원식사,6
직원식사,6
직원식사,6
기타수수료 : 프린트 렌탈비용,5
조세공과 : 영업신고증 재발급 비용,3
캔음료 봉투,6
직원식사,6
직원식사,6
직원식사,6
직원식사,6
직원식사,6
직원식사,6
직원식사,6
직원식사,6
서울센터 FV회의 중식대,6
업무차교통비_점포 이동 톨비,0
업무차교통비_점포이동 톨비,0
업무차교통비_점포방문 주차료,2
업무차교통비_점포 이동 톨비,0
개선활동비_점포 점검시 음료구입(이성문외 1명),6
톨비,0
주유,1
2/8 디엔비 도넛 업체 단가 인상 협의 미팅시 음료 구,6
점심식사구매(임동환강승호님),6
주말 직원식사용 컵라면구매,6
제면소 소모품 수불로 택시 이용,0
2월 부산타워 출장 철도비,0
2월 부산타워 출장 식대비,6
2월 부산타워 출장 식대비,6
점포 방문활동시 발생한 주유비,1
가능역점 방문시 발생한 주차비,2
동서울터미널 점간이동시 발생된 주차비,2
주부식대(송이영),6
을지로3가역점 방문점검시 일주차사용료,2
알앤디 주차,2
주유,1
서울팀장 미팅 후 식대,6
영업활동 주차비 사용,2
식권대장(벤디스) 1월 제휴정산 수수료 件,5
시내교통비,0
시내교통비(대표님 문상),0
파주운정산내점 방문시 주차비,2
2월1일 사무실 방문시 주차비,2
일산산들점 방문시 주차비,2
2월 고속도로 통행료,0
2월 고속도로 통행료,0
2월 유류비,1
2월 유류비,1
점포사원 주부식대-권기영,6
점포사원 주부식대-권기영,6
점포사원 주부식대-박지혜,6
점포사원 주부식대-김희경,6
영업활동시 통행료,0
영업활동시 통행료,0
영업활동시 주유비,1
사업부장님과 물건 투어시 커피전문점 이용,6
식권대장(벤디스) 1월 제휴정산 수수료 件,5
식권대장(벤디스) 1월 제휴정산 수수료 件,5
현장검수/미팅시 주유비(용산 및 죽전 外),1
빕스 대구죽전점 원복공사 확인 시 현지 택시비,0
회의시식대,6
대표이사차량 주유비,1
교통비,0
교통비,0
대표이사 다과 구입 (드립커피),6
주유비 결재 금액,1
주유비 결재취소 금액,1
주유비 결재취소 금액,1
2월 월주차장 임차료,2
주차비,2
주유비 취소,1
주유비,1
2월주차비,2
2월주차비,2
2월주차비,2
2월주차비,2
2월주차비,2
하이패스 통행료,0
하이패스 통행료,0
2월 주유비용,1
음료 베이스 정리용 락앤락 6개,6
베)공간디자인파트 회의 음료비,6
월주차(김지나님),2
김은지김미옥 신제품 개발용 재료구매,4
김은지김미옥 신제품 개발용 재료구매,4
뚜 강남일원점 / 구로디지털직영점 주유,1
O2O 배민오더 2021년 1월 제휴수수료 件,5
O2O 배민오더 2021년 1월 제휴수수료 件,5
O2O 배민오더 2021년 1월 제휴수수료 件,5
O2O 배민오더 2021년 1월 제휴수수료 件,5
O2O 배민오더 2021년 1월 제휴수수료 件,5
O2O 배민오더 2021년 1월 제휴수수료 件,5
O2O 배민오더 2021년 1월 제휴수수료 件,5
O2O 배민오더 2021년 1월 제휴수수료 件,5
O2O 배민오더 2021년 1월 제휴수수료 件,5
배달의민족 1월 오픈리스트 중개수수료 件,5
배달의민족 1월 오픈리스트 중개수수료 件,5
사무실 출근시 주차장 이용,2
톨게이트비,0
톨게이트비,0
주유비,1
톨게이트비,0
2월 점포 방문시 발생한 고속도로통행료,0
2월 점포 방문시 발생한 주차비(강원대병원폐점정산),2
2월 점포 방문시 발생한 고속도로통행료,0
2월 점포 방문시 발생한 주유비,1
비연고 교통비신청(990677),0
군자역점 기사교체품질점검으로 인한 주차비,2
카페수유역점 점주SCQC협력사 팀장 미팅_주차비,2
주유비,1
리뉴얼 미팅 후 식사,6
1월 보건관리 대행 수수료,5
2월 안전관리 대행 수수료,5
안전관리 위탁수수료,5
나우웨이팅 사용 수수료,5
공급사미팅 식사(김석훈이승원델리푸드2명),6
구매팀식사(김석훈이승원성유리최영윤),6
직원식사,6
직원식사,6
직원식사,6
직원식사,6
직원식사,6
서울역KDB타워_T-day 생산지원 및 신제품점검,4
중계브라운_2월신제품 품질점검을 위한 구매,4
공릉_신제품이슈점검,4
직원식사,6
직원식사,6
직원식사,6
직원식사,6
직원식사,6
직원식사,6
직원식사,6
직원식사,6
직원식사,6
직원식사,6
직원식사,6
직원식사,6
직원식사,6
직원식사,6
직원식사,6
직원식사,6
동서울터미널점 점간이동 지원으로 인한 주차비,2
업무차교통비_점포 주차료(클레임 응대후 출차지연),2
업무차교통비_주유비,1
업무차교통비_을지로사옥 주차료,2
업무차교통비_점포 이동 톨비,0
업무차교통비_점포 이동 톨비,0
업무차교통비_점포 이동 톨비,0
개선활동비_점포 리뉴얼상담시 음료구입(이성문외 2),6
회의비_2팀 매출 회의후 식대,6
주차,2
2/8 잔업시 식대,6
2/10 베이글 시장 조사(포비베이글),4
쿠팡이츠 식사주문(라영하진화진),6
2월 부산타워 출장 철도비,0
본사 방문시 발생한 주차비,2
사무실 방문시 발생한 일주차비 취소건,2
사무실 방문시 발생한 일주차비 처리건,2
점포 방문활동시 발생한 고속도로 통행료,0
행신서정마을 신제품 교육시 발생된 주차비,2
파주교하중앙 델리점검시 발생된 주차비,2
주부식대금(송이영),6
다산진건점 점검 업무시 주차 사용료,2
구리수택점 방문점검시 주차사용,2
구리수택 방문점검시 주차사용료,2
동서울터미널점 원부재료 이동시 주차 사용료,2
직원 식사,6
CU 미팅 주차,2
최정은님 면담 시 음료구,6
부서원 스마트미팅시 음료대(박장연 외 5명),6
영업활동 주유비 사용,1
영업활동 통행료 사용,0
다산진건점 점주 소개 부동산 수수료 지급의 건,5
비연고 교통비신청(994290),0
식권대장(벤디스) 1월 제휴정산 수수료 件,5
식권대장(벤디스) 1월 제휴정산 수수료 件,5
21년도 1월 신제품 동영상 촬영(6~7종),4
시내교통비,0
일산장항점 방문시 주차비,2
사무실 방문시 주차비,2
왕십리민자역사점 방문시 주차비,2
사무실 방문시 주차비,2
2월 유류비,1
팀 미팅시 식대,6
업무 미팅 후 식대,6
운정비발디점 양수 의뢰인 미팅 식대,6
양수인 미팅 후 식대,6
2월 신제품 2차 품평회 시 제품 구매,4
시내교통비,0
식권_식신 1월 제휴정산 수수료 件,5
SKP 식사,6
팀회의 후 식대,6
점포사원 주부식대-김재욱,6
점포사원 주부식대-권기영,6
점포사원 주부식대-김재욱,6
TP제주 2월 주부식대금,6
영업활동시 주차비,2
영업활동시 주유비 취소건,1
사업부장님과 물건 투어 시 식사,6
영업활동시 통행료,0
가맹상담시 커피전문점 이용,6
빕스 대구죽전점 원복공사 확인 시 현지 택시비,0
교통비,0
대표이사차량 주유비,1
회의시식대,6
회의시식대,6
교통비,0
회의시식대,6
대표이사차량 주유비,1
회의시식대,6
TLJ 구로직영점 현장점검 (주차비),2
TLJ 서청주파크자이점 계약(주차비),2
주유비 실사용 금액,1
톨비,0
회의시 음료 구매,6
조기출근 택시,0
2월주차비,2
2월주차비,2
2월주유비,1
2월주차비,2
하이패스 통행료,0
비연고 교통비신청(994262),0
비연고 교통비신청(994262),0
신규 운수사 증차 업무 협의시 음료 구입,6
어닝 사인 업체 미팅 음료비 (w대진애드),6
김은지김미옥 신제품 개발용 재료구매,4
만두국 제육볶음_사업팀 미팅 후 식사,6
SC영업활동 중 하이패스교통비 사용,0
사무업무를 위한 사무실방문 주차비사용건,2
카페강남대로방문 주차비 사용건,2
사무업무를 위한 사무실방문 주차비사용건,2
SC영업활동 주유비 사용 건,1
직영팀 주간회의 후 점심식사,6
사업부장님 및 유관부서 리더미팅으로 인한 음료 구매,6
주차비 사용 件,2
SC 오 미팅으로 인한 본사 방문으로 주차장 사전 결재,2
통행료,0
유류비 취소,1
카페수유역점 방문 후 주차비,2
포천중앙점 방문 후 주차비,2
비연고 교통비신청(994181),0
광주터미널점 품질개선시 주차비사용.,2
광주터미널점 품질개선시 주차비사용.,2
신제품 2차품평회 제품 구입시 사용.,4
애슐리 퀸즈 오픈 시장조사 차 방문 식사비용,6
TP 스테이크 모듈 촬영후 기물이동시 교통비,0
2월 영업활동 주유비,1
2월 영업활동 유료도로 통행료,0
2월 영업활동 유료도로 통행료,0
제주출장(광주-제주)왕복항공권 구매,0
미팅시경비(제주노형동 의뢰인커피),6
하이패스,0
이천SK하이닉스 방문주차,2
식대(SC 2월 매출회의 후 식대),6
음료(구조개선 관련 점주면담),6
식대(진부점주 미팅 후 식대 QC포함),6
셀프주유취소건,1
음료(구조개선 관련 점주면담 시즌점검),6
하이패스 사용,0
주차비,2
저녁식사(정석운님 이근춘님),6
직원 간 식대,6
부산동아대병원점 리뉴얼시 신제품 및 델리류 시식,4
교통비,0
현장활동시 통행료,0
점포 이동시 톨게이트 비용,0
점포 이동시 주유비 발생,1
점포방문시 주차,2
점포방문시 통행료,0
점포방문시 주차 및 상권조,2
sc 업무활동으로 인한 교통비 지출,0
sc 업무활동으로 인한 교통비 지출,0
sc 업무활동으로 인한 교통비 지출,0
일산식사지구 WB 업종 및 내부확인차 사용,6
경쟁사 이전오픈점 시장조사,4
구조개선 면담시 식사,6
주차비 사용 件,2
점포방문간 주유비/톨비//주차비 발생,2
충북영동중앙 점주 동행 식사,6
점포방문간 주유비/톨비//주차비 발생,2
점포방문간 주유비/톨비//주차비 발생,2
점포방문 고속도로 통행료,0
점포방문 주유비,1
주차장 이용료,2
점포방문 주차비,2
주차장 이용료,2
점포방문 고속도로 통행료,0
주차장 이용료,2
사무실 방문간 주차비,2
업무차 통행료,0
업무차 주유비(물건지 방문 및 조사),1
업무차 통행료,0
SC 점포 방문간 하이패스 통행료,0
2월 LAM 및 주간회의 후 SC PM 식사,6
점포 방문간 발생 주차비,2
사무실 방문간 발생 주차비,2
사무실 방문간 발생 주차비,2
점포 방문간 발생 주차비,2
점포 방문간 발생 주유비,1
대전영업팀 중식 사용,6
주유비 발생,1
주유비 발생,1
직원 식사 비용으로 결재,6
사무실 방문시 발생한 일주차비 취소건,2
점포 방문활동시 발생한 고속도로 통행료,0
점포 방문활동시 발생한 고속도로 통행료,0
일산장항 신제품 교육시 발생된 주차비,2
대회역 품질점검시 발생된 주차비,2
주부식대(김혜림),6
주부식대(김혜림),6
구리수택점 신제품 점검 교육시 제품 구매 건,4
상품팀R&D 신제품 점검 품평 참석시 주차료,2
주유,1
주차,2
주차비,2
영업활동 주차비 사용,2
1월 주차관리비,2
식권대장(벤디스) 1월 제휴정산 수수료 件,5
식권대장(벤디스) 1월 제휴정산 수수료 件,5
식권대장(벤디스) 1월 제휴정산 수수료 件,5
21년도 1월 신제품 동영상 촬영(11종),4
안전관리위탁 수수료,5
파주봉일천점 방문시 주차비,2
운정비발디점 양도양수 미팅 장소 주차비,2
일산산들점 방문시 주차비,2
사무실 방문시 주차비,2
2월 고속도로 통행료,0
팀 미팅시 음료,6
특납처 제품 배송 후 식대 (SC 4인),6
나주대호점 오픈시 식대,6
~2/14 주차비톨비 증빙,2
점포사원 주부식대-김희경,6
점포사원 주부식대-김희경,6
점포사원 주부식대-김재욱,6
영업활동시 주차비,2
TP제주 2월 주부식대금,6
영업활동시 주유비 취소건,1
대표이사차량 주유비,1
대표이사차량 주유비,1
교통비,0
구성원과 저녁 식,6
대표이사 회의시음료,6
주유비 실사용 금액,1
주유비 결재 금액,1
톨비,0
주유비 취소,1
톨비,0
2월주차비,2
2월주차비,2
2월주차비,2
2월주유비,1
月 주차 결재,2
주유비 (원주태장점 계약),1
주유비,1
2月 [의료비_보건증 갱신에 따른 발급수수료_이승연님],5
업무차발생 통행료 및 주차비,2
SCM운영 업무 미팅시 음료 구입,6
베)공간디자인파트 회의 음료비,6
시장조사차 이동 (김미옥님 동승),0
시장조사차 이동 (김미옥님 동승),0
시장조사차 이동 (김미옥님 동승),0
라면 김밥_사업팀 미팅 후 식사,6
팀 점포 방문 시 주유비,1
회 음료_사업부 미팅 후 식사,6
팀 점포 방문 시 주유비,1
SC영업활동 중 하이패스교통비 사용,0
사무업무를 위한 사무실방문 주차비사용건,2
SC영업활동 주유비 사용 건(취소건),1
주차비 사용 件,2
통행료 사용 件,0
대학로점 방문 주차비,2
한일병원점 방문 후 주차비,2
유류비,1
통행료,0
도심점 방문 후 주차비,2
창동대우점 방문 후 주차비,2
카페수유역점 방문 후 주차비,2
카페수유역점 방문 후 주차비,2
광주터미널점 품질개선시 주차비사용.,2
QC면담시 석식사용.,6
주차비 (양재역 후보사이트 조사 및 서류업무 진행시),2
글로벌팀 웹하드 월정액 수수료,5
2월 영업활동 주차료,2
2월 영업활동 주유비,1
비연고 교통비신청(998152),0
팀미팅 시 음료 구입,6
회의시 식대(사업팀장),6
2월 톨게이트 비용,0
2월 톨게이트 비용,0
여주터미널 방문주차,2
[지급]푸드머스 21년 1월 물류대행수수료 확정,5
식대(직원독려),6
식대(강원지역 PM독려),6
셀프주유취소건,1
주유비,1
하이패스 사용건,0
다산 상권조사 주차 사용건,2
[지급]메가마트 21년 1월 물류대행수수료 확정,5
하이패스,0
하이패스,0
[미지급]메가마트 21년1월사이트사용수수료 확정,5
점심식사(유승철님 외),6
직원간 식대,6
P직급 채용설명회 진행 후 퇴근시 교통비(택시비),0
회의시식대,6
비연고 교통비신청(994549),0
점포방문시 통행료,0
영업시 차량 주유,1
협력업체 대표 석식,6
점포방문시 통행료,0
주말출근자 음료비(허일구님외 9명),6
sc 업무활동으로 인한 교통비 지출,0
sc 업무활동으로 인한 교통비 지출,0
sc 업무활동으로 인한 교통비 지출,0
sc 업무활동으로 인한 교통비 지출,0
일산식사지구 WB 업종 및 내부확인차 사용,6
일산식사지구 WB 업종 및 내부확인차 사용,6
톨비,0
주차비 사용 件,2
주유비 사용 件,1
공급사미팅음료(김석훈),6
저녁식사(김석훈김만방),6
점포방문간 주유비/톨비//주차비 발생,2
점포방문간 주유비/톨비//주차비 발생,2
점포방문간 주유비/톨비//주차비 발생,2
2월 대전영업팀 sc 점심식사(팀장님 동행),6
점포방문 고속도로 통행료,0
점포방문 고속도로 통행료,0
점포방문 고속도로 통행료,0
주차장 이용료,2
점포방문 고속도로 통행료,0
물건지 방문간 주차비,2
업무차 주유비(물건지 방문 및 조사),1
사무실 방문간 주차비,2
SC 점포 방문간 자가차량 주유,1
점포 방문간 발생 톨게이트비,0
사무실 방문간 발생 주차비,2
사무실 방문간 발생 주차비,2
점포 방문간 발생 주차비,2
주차장 비용 발생,2
주차장 비용 발생,2
대전영업팀 중식 사용,6
주차장 비용 발생,2
하이패스 비용 발생,0
용산역사점 새벽 출근 교통비,0
부산동아대병원점 방문시 주차비,2
영업활동 주유비,1
톨게이트비,0
제당사옥점 업무차 교통비,0
제당사옥점 교통비 취소,0
가산 품평회 참석 교통비,0
가맹점 방문시 톨비 사용,0
점포 회의후 식사,6
고속도로 통행료 사용,0
고속도로 통행료 사용,0
업무차 교통비(주차비),2
업무차 교통비(주차비),2
업무차 교통비(주차비),2
업무차 교통비(주차비),2
업무차 교통비(주차비),2
업무차 교통비(주유비),1
톨게이트비용,0
톨게이트비용,0
톨게이트비용,0
톨게이트비용,0
2월 유류비,1
사무실 출근 주차비,2
2월 유류비,1
직장스탭 회의식대,6
산본역센트로 방문시 주차비,2
SC 영업활동시 주유비,1
1월 소방안전관리 대행 수수료,5
대관 점검시 음료수구매_농축산물 검역원,6
보건대행 수수료,5
파트장님 간담회 음료비,6
2월 톨게이트 비용,0
2월 SC/QC/PM 팀회의 이후 식사,6
영업활동 주유비 사,1
업무차교통비,0
진천공장/업체 방문시 톨게이트 비용,0
2월 순회 주차비,2
2월 순회 주차비,2
2월 순회 주차비,2
2월 순회 주차비,2
미팅시 음료대,6
SC 점포 방문간 자가차량 주유,1
2/16일 저녁 잔업시식대(손애경님 윤봉권님),6
점심식사(경주중앙점),6
안전용역수수료,5
보건대행수수료,5
가맹점 방문시 주유 사용,1
1월 물류비 마감관련 서울센터 출장시 중식,6
1월 물류비 마감관련 서울센터 출장시 주차비,2
주유비 결재취소 금액,1
대전사무실 서류업무 (주차비),2
주유비 사용,1
점포명:별내로데오주차장사용,2
고속도로 통행료 사,0
카페신촌 점주 미팅시 주차료,2
개발활동시 주유비,1
매일경제 기자평가단_미팅 시 식대,6
외근 시 교통비,0
외근 시 교통비,0
미팅 시 식대,6
미팅 시 식대,6
미팅 시 식대,6
외근 시 교통비,0
가산 주차,2
조민영님 비연고 중개수수료,5
신제품 출시 현장품평회 제품 구매비용,4
업무차 통행료,0
업무차 통행료,0
업무차 통행료,0
업무차 주유비,1
사무실 내근 주차권 결재 취소,2
사무실 내근 주차권 결재,2
송파파크하비오 주차비,2
문정법조단지점 주차비,2
압구정점 주차비,2
마천사거리점 주차비,2
카페오금역점 주차비,2
잔업시식대,6
송파파크하비오 점검방문 주차비,2
마천사거리  점검방문 주차비,2
업무차 주유비,1
업무차 주유비,1
주유,1
[호호밀] 점장 장기주차장료,2
시장조사차 이동 (김미옥님 동승),0
2월품평 샌드위치/샐러드 시장조사(김미옥님 동행),4
2월품평 샌드위치/스프 시장조사(김미옥님 동행),4
비산->안산 이동 시 교통비(대표님 동행 시 교통비),0
돈까스 2개_사업팀 미팅 후 식사,6
SC영업활동 중 하이패스교통비 사용,0
SC영업활동 중 하이패스교통비 사용,0
카페강남대로점 신제품시식품평회 진행 건,4
강남자곡점방문 후 중식 진행,6
카페강남대로방문 주차비 사용건,2
SC영업활동 주유비 사용 건,1
SC영업활동 주유비 사용 건,1
직영팀 주간회의 후 점심식사,6
유류비 취소,1
유류비 취소,1
통행료,0
도심점 방문 후 주차비,2
유류비,1
유류비 취소,1
포천중앙점 방문 후 주차비,2
비연고 교통비신청(994181),0
광주터미널점 품질개선시 주차비사용.,2
신제품 2차품평회 제품 구입시 사용.,4
공덕역_T데이 생산 지원 및 2월 신제품 교육,4
주차비 (일원역 실측 및 임대협의 미팅),2
2월 영업활동 유료도로 통행료,0
2월 영업활동 주유비,1
2월 영업활동 유료도로 통행료,0
2월 주유비,1
통행료,0
주차료(분당DS마트 구조개선 면담),2
음료(구조개선 관련 점주면담 시즌점검),6
사무실 출근시 주차 사용건,2
유류비 사용건,1
하이패스,0
직원간 식대,6
여정은님 비연고 중개수수료,5
대표이사차량 주유비,1
비연고 교통비신청(994549),0
점포방문시 주차,2
영업시 차량 주유,1
점포방문시 통행료,0
sc 업무활동으로 인한 교통비 지출,0
sc 업무활동으로 인한 교통비 지출,0
점주 면담시 음료구매,6
점포 면담시 음료 구매,6
통행료 사용 件,0
평택 고덕신도시 분양팀 미팅시 음료 구매 件,6
공급사미팅음료(김석훈하베스트글로벌3명),6
점포방문간 주유비/톨비//주차비 발생,2
점포방문간 주유비/톨비//주차비 발생,2
점포방문간 주유비/톨비//주차비 발생,2
점포방문간 주유비/톨비//주차비 발생,2
점포방문 고속도로 통행료,0
점포방문 고속도로 통행료,0
주차장 이용료,2
점포방문 주유비,1
주차장 이용료,2
의뢰인동행 식사(서청주파크자이점주와 함께 식사),6
업무차 통행료,0
사무실 방문간 주차비,2
업무차 통행료,0
사무실 방문간 주차비,2
SC 점포 방문간 하이패스 통행료,0
SC 점포 방문간 유료주차 (수성교보점),2
점포 방문간 발생 주유비,1
점포 방문간 발생 주차비,2
점포 방문간 발생 톨게이트비,0
점포 방문간 발생 주차비,2
점포 방문간 발생 주차비,2
하이패스 비용 발생,0
주차장 비용 발생,2
주유비 발생,1
주차장 비용 발생,2
주차장 비용 발생,2
주차장 비용 발생,2
대전영업팀 중식 사용,6
계절밥상제제면소 점장 커피 구입,6
부산부경대점 방문시 주차비,2
거제아주덕산점 리뉴얼관련 상담시 점심식사,6
제당사옥점 업무차 교통비,0
기획팀사업팀장 미팅 후 식사,6
점포방문시 휘발유 주유,1
업무차 교통비(주차비),2
업무차 교통비(주차비),2
업무차 교통비(주차비),2
업무차 교통비(주차비),2
업무차 교통비(주차비),2
업무차 교통비(톨게이트비),0
인천향촌 리뉴얼상담간 점심식사,6
주차요금,2
주차요금,2
주차요금,2
주차요금,2
팀 회의시 식사,6
2월 유류비,1
아리랑삼거리점 방문 주차비,2
다산진건점 방문 주차비,2
동서울터미널점 방문 주차비,2
팀장님 손경애님 동행 식대,6
팀장님QC 동행 식대,6
신제품 품평회 진행 제품 구매,4
비연고 교통비신청(998297),0
톨게이트,0
2/16 OEM&HMR 파트 업무 미팅후 저녁식사(4명),6
파트장님 간담회 음료비,6
영업활동 주차비 사용,2
2월 순회 주차비,2
2월 순회 주유비,1
2월 순회 주차비,2
2월 순회 주차비,2
2월 순회 주차비,2
업무차교통비,0
외근에 따른 택시비 결제(성유리님),0
톨비(영업활동),0
점심식사(조지혜님외),6
톨비(영업활동),0
톨비(영업활동),0
점심식사(조지혜님외),6
풍무역 상권 조사시 주차비,2
유성씨앤에프 방문시 택시비,0
2월 보건관리 위탁수수료,5
1월 물류비 마감관련 서울센터 출장시 음료구매,6
오창호담당님 방문시 구성원 음료 구매,6
2월 직원식사,6
2/9 서청주파크자이점 계약 (통행료),0
주유비 실사용 금액,1
소모품 구매후 물건 많아서 택시이용 (엄은비),0
식대(PM회의후 식대),6
식대(서울지역 PM석식),6
고속도로 통행료 사용,0
사무실출근시주차장사용,2
점포명:사가정역주차장사용,2
점포개발팀 회의시 식대,6
사무실 출근시 일주차장 사용료,2
미팅 시 식대,6
미팅 시 식대,6
미팅 시 식대,6
외근 시 교통비,0
개발활동시 고속도로 통행료,0
개발활동시 주유비,1
외)R&D 멀티브랜드확산 및 개정에 따른 시장조사,4
업무차교통비 (채용설명회 진행),0
부산타워_업무차 교통비(취소건),0
업무차 통행료,0
업무차 통행료,0
업무차 주유비,1
업무차 주유비,1
송파파크하비오점 주차비,2
송파파크하비오 주차비,2
마천사거리점 주차비,2
카페오금역점 주차비,2
위례중앙  점검방문 주차비,2
위례아이파크  점검방문 주차비,2
영통중앙  점검방문 주차비,2
문정법조  점검방문 주차비,2
SCM팀 잔업시 식대,6
주유비 (원주문막점계약 가산아카데미),1
주차비 (구로디지털점 점검),2
구로디지털직영 점검시 주차비,2
가산뉴채널 PT공사 점검시 주차비,2
[호호밀] 오픈사원 음료구입,6
염창역방문주차,2
주유,1
본사방문 주차,2
점심식사(이진수님 외1명),6
열린협의회 구성원 석식,6
2월 점포 방문시 발생한 주유비,1
단짠햄치즈꿀번_OEM(하나푸드)시생산_ 택시이동,0
시즌시장조사(알앤디->강남신세계백화점),4
시즌시장조사(와플 외),4
시즌시장조사 후 복귀(뚜레대학로점->사무실),0
동래허브스카이 점주와 점심식사,6
사무실 출근시 주차장 이용,2
사무국 미팅시 식대,6
사무국 미팅시 식대,6
2월 주차비 및 통행료,2
셀프주유취소건,1
주유비,1
영업활동 주차비 사용,2
현장방문 차량 유류비,1
오리 회의 후 식사,6
하이패스,0
협의회 전북지역 대표 방문시 음료구입,6
팀장님 SC 중식으로 인한 사용,6
석식비 지출,6
sc 업무활동으로 인한 교통비 지출,0
점포방문 시 주유,1
점포방문 시 주차요금,2
점포방문 시 하이패스,0
점포방문 시 주유,1
팀장님 제주출장시 항공예약,0
팀장님 제주출장시 항공예약,0
팀장님 제주출장시 항공예약,0
롯데마트 점주님과 식사시사용,6
매장방문시 주차,2
매장방문시 주차,2
SC 점포 방문간 자가차량 주유,1
유류비,1
2월 주유비용,1
2월 톨게이트 비용,0
점포개발팀 주간회의 후 중식,6
2월 톨게이트 비용,0
2월 톨게이트 비용,0
군자역점 위생점검으로 인해 발생한 주차비,2
면목점 VOC관련 점검으로 인해 발생한 주차비,2
본사_델리활성화매장 교육자료 출력으로 인한 주차비,2
주차비 발생,2
잔업시식대(재무팀 서현회계법인),6
주유비 결재취소 금액,1
21.02 청구 공항 시설사용료(교통수도료),0
주유비,1
점포 이동시 하이패스 사용 件,0
점포 이동시 주유비 사용 件,1
직원간 식대,6
PM간 식사비용,6
주차비,2
주차비,2
주유비,1
주차비,2
야근시 식대,6
비연고 교통비신청(996502),0
톨게이트비,0
부산부경대점 방문시 주차비,2
제당사옥점 추가 교통비,0
회의후 식사진행,6
회의후 음료구입,6
점포방문시 휘발유 주유,1
고속도로 통행료 사용,0
업무차 교통비(주차비),2
업무차 교통비(주차비),2
업무차 교통비(주차비),2
업무차 교통비(주차비),2
업무차 교통비(주차비),2
업무차 교통비(톨게이트비),0
1팀 3팀 SC 미팅 후 식대,6
주차요금,2
주차요금,2
톨게이트비용,0
톨게이트비용,0
주차요금,2
톨게이트비용,0
2/9일 it운영파트 1월 점심식사 총 6명,6
사무실 출근 주차비,2
카페광운대역점 방문 주차비,2
사무실 출근 주차비,2
서울여대점 방문 주차비,2
설선물세트배너주차장 등 입간판 배너 제작,2
안양무궁화 방문시 주차비,2
SC 영업활동시 주유비,1
신제품 품평회 이후 식사,6
파트장님 간담회 음료비,6
영업활동 통행료 사용,0
2월 순회 주차비,2
2월 순회 주차비,2
2월 순회 주차비,2
2월 순회 주유비,1
2월 순회 주차비,2
사업부 중점 전략 직무별 추진 전략 협의 후 식사,6
주유비(영업활동),1
주유비(영업활동),1
주유비(영업활동),1
톨비(영업활동),0
2월 안전관리 위탁수수료,5
팀장님 SC 석식으로 인한 사용,6
논산 출장 후 사무실 복귀(용산역 → 초동),0
원천주류 미팅시 음료구입,6
1월 물류비 마감관련 서울센터 출장시 석식,6
1월 물류비 마감관련 서울센터 출장시 석식,6
1월 물류비 마감관련 서울센터 출장시 주차비,2
공급사식사(김석훈모건푸드),6
주유비 결재 금액,1
통행료,0
점포명:다산진건주차장사용,2
고속도로 통행료 사용,0
점포명:용마산역주차장사용,2
점포명:면목주차장사용,2
개발활동시 고속도로 통행료,0
팀장님 동행 평창 출장시 식대,6
외근 시 교통비,0
외근 시 교통비,0
미팅 시 식대,6
외근 시 교통비,0
미팅 시 식대,6
외근 시 교통비,0
외근 시 교통비,0
외근 시 교통비,0
생산팀 간담회시 음료비(이경훈 외 3명),6
사무실 출근시 일주차장 사용료,2
업무차 통행료,0
업무차 통행료,0
업무차 통행료,0
업무차 주유비,1
카페선릉역점 주차비,2
사무실 내근 주차권 결재 취소,2
사무실 내근 주차권 결재,2
카페오금역점 주차비,2
강남세브란스병원주차비,2
잔업시식대,6
미팅 시 음료(W/인사),6
강남대로점 품평회준비 방문 주차비,2
위례호반  점검방문 주차비,2
송파파크하비오  점검방문 주차비,2
센티움  점검방문 주차비,2
주차비 (가산아카데미),2
구로디지털직영 점검시 주차비,2
직영 후보점 점검시 주차비,2
구로디지털직영 점검시 주차비,2
정기주차,2
현장활동시 주차료,2
[호호밀] 오픈사원 음료구,6
비연고 교통비신청(200817),0
부전중흥마을방문주차,2
염창역방문주차,2
델리신제품 품질조사로 제품구매,4
열린협의회 구성원 석식,6
2101 기상정보 사용수수료,5
2주차 8구 도시락용기 발주,2
2월 점포 방문시 발생한 고속도로통행료,0
정기월주차 정기결재,2
단짠햄치즈꿀번_OEM(하나푸드)시생산_ 택시이동,0
TP)얌딜메뉴교육시중식,6
베)공간디자인파트 회의 음료,6
뚜 구로디지털직영점 현장점검 주차,2
시장조사(타르틴-월넛버터쿠키외),4
시즌시장조사(강남신세계백화점->뚜레대학로점),0
동래허브스카이점 방문시 주차비,2
부산동아대병원점 방문시 주차비,2
톨비,0
통행료 사용 件,0
주차료(분당지역 신규출점지 점검 사업부장님 동행),2
영업화동 통행료 사용,0
영업2팀 성남지역 담당SCQC 미팅 후 음료구입,6
시식회 후 점심 식사,6
주유비,1
주유비,1
시장조사활동(김석훈님 이승원님 최영윤님),4
미팅 후 식사(w/뉴채널팀더플레이스팀),6
업무차 이동 택시,0
하이패스(2일분),0
광주팀 전주지역 담당SCPM 미팅 시 식대,6
팀장님 SC SD 석식으로 인한 사용,6
sc 업무활동으로 인한 교통비 지출,0
sc 업무활동으로 인한 교통비 지출,0
점포방문 시 하이패스,0
점포방문 시 주유,1
점포방문 시 하이패스,0
점포방문 시 주차요금,2
점포방문 시 주차요금,2
점포방문 시 주차요금,2
신제품 교육참석시 기차요금 사용.,0
전남고흥 점주면담시 중식사용.,6
차량주유,1
팀장님 제주출장시 항공예약,0
매장방문시 주차,2
매장방문시 주차,2
팀장님 제주출장시 차량렌트,0
매장방문시 주차,2
시장조사_빕스5월신규스테이크개발시장조사_백송,4
회의비_공장생산프로세스협의차방문시중식_서종훈외5,6
2월 팀 활동계획 회의 후 식사 (팀장 SC),6
일산 식사지구 의뢰인들 미팅시 커피,6
일산 장항동 시세조사시 주차비,2
고속도로통행료,0
2월 톨게이트 비용,0
어린이대공원역점 품질점검으로 인한 주차비,2
동래허브스카이점 방문시 주차비,2
주유비 결재 금액,1
조기출근택시비,0
21.02 청구 공항 시설사용료(교통수도료)_상수도료,0
주차비,2
주차비,2
주유비,1
점포 이동시 하이패스 사용 件,0
점포 이동시 하이패스 사용 件,0
점포 이동시 하이패스 사용 件,0
점포 이동시 하이패스 사용 件,0
점포 이동시 주유비 사용 件,1
점포 이동시 주유비 사용 件,1
점심 식사,6
통행료,0
복합기 렌탈수수료,5
센터피스 꽃 구매 주차료,2
삼성주차,2
이도준님 교통비,0
정사원 음료 구입,6
통행료,0
카페수유역점 방문 후 주차비,2
팀장님 업무미팅 및 식사,6
유류비,1
한일병원점 방문 후 주차비,2
이현지님 발령으로 인한 점장님과 점심식사,6
보건관리 위탁수수료,5
제일제면소 출시로 관능체크겸 식사 비용,6
주차비,2
부천대성방문주차,2
목4동 방문주차,2
열린협의회 구성원 석식,6
월요 주간미팅후 구성원 중식,6
뚜 구로디지털직영점 현장점검 주차,2
뚜 구로디지털직영점 현장점검 협의 음료,6
뚜 구로디지털직영점 현장점검 협의 음료,6
알앤디미팅(주차비-박강희),2
시즌시장조사(쿠키 외),4
알앤디미팅(주차비),2
영업활동 주유비,1
상계점 현장미팅 시 커피4잔 구입(배재희님 외 3명),6
통행료 사용 件,0
셀프주유취소건,1
식사 -진우현님 김수연님,6
점심 식사 비,6
영업2팀 성남지역 담당SCQC 미팅 후 식대,6
시식회 후 점심 식사,6
회의 후 식사,6
회의 후 식사,6
주차,2
하이패스,0
수기영수증 주차비(12월),2
출장시 택시 이용,0
광주팀 전주지역 담당SCPM 미팅 후 음료구입,6
전주서신점 점주 면담시 커피 구입,6
팀장님 SC 음료 구매로 인한 사용,6
팀 석식비 지,6
sc 업무활동으로 인한 교통비 지출,0
점포방문 시 주차요금,2
점포방문 시 하이패스,0
점포방문 시 하이패스,0
점포방문 시 하이패스,0
점포방문 시 주차요금,2
신제품 교육참석시 기차요금 사용.,0
팀장님 제주출장시 차량렌트,0
차량주유,1
차량주유,1
위탁가맹 보고준비 및 기타 야근업무로 인한 석식진,6
제일제면소 봄 메뉴개정 교육 시 음료 구입,6
주차비 (본부출근시 주차비용),2
주차비 (문정로데오 예비점주 미팅),2
주차비 (방이시장 후보점 조사),2
김유진 2월 2주차 교통비,2
2월 주유비,1
이천SK하이닉스 방문주차,2
양평용문점 경쟁사 신제품 조사,4
김유진 18일까지 톨게이트비,0
동서울터미널점 점간이동 지원으로 인한 주차비,2
영업팀 저녁식사 (팀장님 SC4명),6
최동철 출근 교통비 사용 (대중교통 이용 불가),0
신BI 신규오픈 / 4팀 선임미팅 / 신제품TEST로 발생한 고속도로 통행료,0
2/15 성남의료원점 도면미팅 (통행료),0
주유비 실사용 금액,1
2/16 대전관저더샵점 정산 (통행료),0
주차비,2
주차비,2
통행료,0
점포 이동시 하이패스 사용 件,0
점포 이동시 하이패스 사용 件,0
목포대성 오픈 식대 지원 件,6
광주문흥2호 유료주차장 사용 件,2
PM간 식사비용,6
통행료,0
통행료,0
주유비,1
푸드홀 : 직원 식사 구입(박지연 외 2명),6
수수료_위생교육필증 발급수수료,5
비연고 교통비신청(200374),0
2월 퇴근 교통비 발생,0
2월 퇴근 교통비 발생,0
스마트PC사용 수수료,5
오남신우점 방문 후 주차비,2
유류비 취소,1
창동대우점 방문 후 주차비,2
직구매 AI 이슈 업무 보고 협의 후 점심 식사(4명),6
주유비,1
미팅시경비(이디야 품평회 음료구입),6
하이패스,0
광명하안점 방문시 발생한 주차비,2
점포 방문활동시 발생한 고속도로통행료,0
롯데마트구리점 방문시 발생한 주차비,2
카페구리수택점 방문시 발생한 주차비,2
카페구리수택점 방문시 발생한 주차비,2
롯데마트청량리점 방문시 발생한 주차비,2
주부식대(양민김소라),6
금호역점 방문시 주차비,2
국립중앙의료원점 방문시 주차비,2
커피 음료 구매,6
직원 2명 식사,6
사업부미팅음료구,6
커피구매,6
톡톡콘치즈볼 (음성공장)시생산_택시이동,0
가산아카데미 점주교육 주차,2
뚜 구로지디지털직영 시설협의음료_관리소장/협력소장,6
뚜 강남자곡점 도면협의 주차,2
뚜 구로디지털직영점 현장점검 주차,2
[손희정]음성공장 시생산 교통비,0
2월 3일 마산합포중앙점 현장점검 하이패스 통행료,0
2월 9일 문경중앙점 도면협의 하이패스 통행료,0
2월 19일 창원대산점 도면협의 주차장 사용료,2
서울센터 출장 업무시 석식,6
음성센터 구성원 업무 협의 후 식사,6
마산합포중앙점 오픈지원 인력 및 점주님 식대,6
최형근님 외 1인 회의 후 식대,6
최형근님 동반 경주 시장조사,4
현장활동시 통행료,0
점포 이동 간 톨게이트 사용 건,0
점포 이동 간 주유 건,1
점포 이동 간 톨게이트 사용 건,0
점포 이동 간 주차 건,2
안전경영팀 회의 시 식대,6
샘플구입 - 씨유 편의점 신제품,4
샘플구입 - 델리류 신제품 및 포장 용기 참고,4
하이패스,0
진천공장 - 제당 미팅 이동 교통비,0
진천공장 - 제당 미팅 이동 교통비,0
시장조사 - 케이크 파트,4
시장조사 - 투썸 신규 케이크,4
하이패스,0
주유비,1
부산 공사 진행 점포 점검 및 미팅시 식대,6
2/2 마산합포중앙점 현장점검시 통행료,0
부산동아대병원(3)점 준공 및 정산시 주차비,2
2/7 부산동아대병원(3)점 준공 및 정산시 통행,0
부산지역 신규 점포 미팅 및 점검시 식대,6
팀 식사비,6
2월 영업활동 주유비,1
~ 2/21 주차비톨비,2
여비교통비,0
sc 주유사용,1
신제품 품평회 제품 구매,4
SC 업무 중 교통비 발생,0
SC 업무 중 교통비 발생,0
SC 업무 중 교통비 발생,0
SC 업무 중 교통비 발생,0
SC 업무 중 교통비 발생,0
SC 업무 중 교통비 발생,0
회의비 : 사업지원팀/뉴채널팀 식사 (신은석 등 8명),6
2101 스마트영수증사용수수료,5
휘발유 주유,1
주유,1
사무실 출근 시 주차 사용비 건,2
유류비결제,1
주차비결제,2
주차비결제,2
유류비결제,1
점포방문 주차비,2
점포방문 주차비,2
점포방문 주차비,2
서울영업3팀 회의 식사,6
점포방문 주차비,2
점포방문 주유비,1
점포방문 주차비,2
점포방문 주차비,2
대표이사 회의시음료,6
2월 3일 5파트 표면오염도 검사 진행 톨비 외 1건,0
부산지역 동행 근무 시 식사,6
개인제과점 시장조사시 사용,4
가맹상담시 커피전문점 이용,6
2월 톨비 결제,0
영업활동 통행료 사용,0
울산문수아이파크 점주님 식사 비,6
TP제주 2월 테블릿수수료,5
2월 점포간 이동시 톨비,0
2월 점포간 이동시 주차비,2
2월 점포간 이동시 주차비,2
2월 점포간 이동시 주유비,1
2월 점포간 이동시 톨비,0
2월 점포간 이동시 주차비,2
2월 점포간 이동시 주차비,2
TP제주 2월 주부식대금,6
TP제주 2월 주부식대금,6
TP제주 2월 주부식대금,6
TP제주 2월 주부식대금,6
사무실 주차요금 발생,2
업무차 주유비발생_오류결제건 취소,1
사무실 주차요금 발생,2
업무차 주유비발생_취소건,1
업무차 주유비 발생_취소건,1
업무차 하이패스 비용 발생,0
업무차 하이패스 비용 발생,0
업무차 주차비 발생_뚜)청주터미널,2
사무실 주차요금 발생,2
대전팀 점심식사 진행,6
사무실 주차비용 발생,2
업무차 주유,1
강남지역 점포개발 OJT 활동 시 주차비,2
공급사방문음료(김석훈오래),6
주차비,2
전배 관련 내부 인력 이동 회의시 음료 구입,6
주유비 (이창윤),1
주유,1
주유,1
2월 용역수수료 (영인이앤지),5
도심점 방문 후 주차비,2
유류비 취소,1
통행료,0
카페수유역점 품질교육으로 인해 발생한 주차비,2
카페수유역점 신제품 점검 교육시 제품 구매건,4
주차비,2
주차비,2
품평회 종료 후 식사(이기태 조위영 이정난님),6
주차비,2
2월 3주차 송사부고로케 6종 시생산 원료(이기태님),2
3월 신제품 사전 교육 참석으로 가산아카데미주차장이,2
카페구리갈매점 방문시 발생한 주차비,2
청량리미주점 방문시 발생한 주차비,2
청소용역 수수료,5
직원식사 진행(더플레이스 메뉴 시식),6
동서울터미널점 방문시 주차비,2
종로점 방문시 주차비,2
21.02 딜리버리배달교통비,0
21.02 딜리버리배달교통비,0
21.02 점심식사_최아영최수린노진하님 점심식사,6
주유,1
식사비용,6
단짠햄치즈꿀번 (하나푸드)시생산_택시이동,0
베)공간디자인파트 회의 음료,6
[박상군]팀구성원과의 식사,6
1월 28일 문경중앙점 점주미팅 하이패스 통행료,0
본사 야간 업무 시 교통비,0
마산합포중앙점 오픈지원 인력 및 점주님 식대,6
마산합포중앙점 오픈지원 인력 및 점주님 식대,6
업무차교통비_주차비(~2/19)상신의 件,2
현장활동시 주차비,2
최영환님 외 2인 식대,6
현장활동시 경쟁사 시장조사,4
회의 후 식사 건,6
점포 이동 간 주차 건,2
서초법조타워 점주 식사 건,6
업무차교통비_톨비(~2/19)상신의 件,0
팀 주간미팅 음료 구입,6
을지로 -> 가산 품평 이동 교통비,0
주차비,2
진천공장 - 제당 미팅 이동 교통비,0
투썸 상품팀장(권오경님) 미팅후 식사,6
시장조사 - 피자 사이드,4
하이패스,0
부산동아대병원(3)점 현장점검시 주차비,2
마산/부산/김해 현장점검 및 미팅시 주유비,1
부산동아대병원(3)점 오픈점검시 주차비,2
부산마산울산 현장 점검 및 미팅시 주유비,1
2/17 부산사랑모아점 점포 미팅시 통행료,0
2월 영업활동 유료도로 통행료,0
주유비 실사용 금액,1
직접 배달하여 교통비 발생,0
직접 배달하여 교통비 발생,0
미국수출 검역증발송 FEDEX 수수료-2월1차,5
sc 주유사용,1
철산역점방문 발생 주차비,2
2월 톨게이트 비용,0
SC 업무 중 교통비 발생,0
SC 업무 중 교통비 발생,0
SC 업무 중 교통비 발생,0
SC 업무 중 교통비 발생,0
SC 업무 중 교통비 발생,0
최형근님 동행OJT진행시 식대,6
점포명:별내로데오 주차장사,2
회의시 식대,6
알앤디 주차,2
사무실 출근시 주차 사용비 건(복귀),2
사무실 출근시 주차 사용비 건,2
주차비결제,2
주차비결제,2
주차비결제,2
유류비결제,1
점포방문 주차비,2
점포방문 주차비,2
점포방문 주차비,2
점포방문 주차비,2
점포방문 주차비,2
점포방문 주차비,2
대표이사 회의시음료,6
PM 회의 후 중식,6
영업활동시 통행료,0
개인제과점 시장조사시 사용,4
영업활동시 통행료,0
영업활동시 주차비,2
영업활동시 주차비,2
[선물양과]신제품 관련 경쟁사 제품 품질 비교용_제품구매,4
팀장님 동행 외근 후 중식 식사 (광장힐스테이트점),6
을지로 사무실 방문 (교통비 선결제),0
영업활동 주차비 사용,2
영업활동 주차비 사용,2
야근 후 퇴근교통비(연결재무제표 및 주석 작성),0
2월 점포간 이동시 주유비,1
2월 점포간 이동시 주차비,2
2월 점포간 이동시 톨비,0
2월 점포간 이동시 톨비,0
2월 점포간 이동시 톨비,0
2월 점포간 이동시 주차비,2
2월 점포간 이동시 주차비,2
TP제주 2월 주부식대금,6
TP제주 2월 직사입(커피캡슐),6
TP제주 2월 주부식대금,6
TP제주 2월 주부식대금,6
업무차 주유비발생_오류결제건 취소,1
업무차 주유비발생,1
업무차 주차비 발생_뚜)청주터미널점,2
업무차 주유비 발생,1
사무실 주차요금발생,2
업무차 주유비 발생,1
신제품 품평회용 빵 구입 진행,4
업무차 주유비 발생,1
사무실 주차비용 발생,2
사부실 주차비용 발생,2
부산/대구 지역 점포개발 OJT 출장 시 숙박비,0
백승화님 박도이님 점심 식사,6
신은석님 조성철 外 2인 식사,6
업무시식사(김석훈),6
야근 중 식사,6
회의후 식사진행,6
점포방문시 주차비사용,2
2월 부산타워 출장 철도비(취소전표),0
신제품 시생산(영등포)참관 시 중식비(손주원 외1명),6
2월주차비,2
2월주차비,2
철산역미팅후식대,6
행신서정마을점 방문시 주차비,2
일산장항점 방문시 주차비,2
TP 스테이크 영상 촬영 R&D 식사,6
하이패스 비용 사용건,0
주차비[2/8-2/19],2
통행료[2/8-2/19],0
지원팀 보직간부 간단회후 귀가 교통비,0
2월 담당자별 식사 회의 진,6
2월 영업활동 주차장 이용료,2
2월 영업활동 주차장 이용료,2
주유비(영업활동),1
2월 고속도로 통행료,0
TP스테이크모듈광고영상촬영시식대(w강홍지님),6
2101 TLJ쇼핑몰 모바일쿠폰 PG수수료 정산,5
경쟁점 시장 조사(제본),4
B2B 시장조사 교통비,0
미국수출)한미FTA 원산지판정 컨설팅 용역 수수료,5
톨비,0
톨비,0
2/3 할리스커피 샘플 시장 조사,4
업무차 주차비,2
업무차 주차비,2
업무차 주차비,2
업무차 주차비,2
업무차 하이패스 비용,0
업무차 주차비,2
업무차 주차비,2
안양범계점지원퇴근택시비,0
서현회계법인 PA 식대,6
안양범계지원퇴근택시비,0
기획팀 야근 후 택시비,0
기획팀 야근 후 택시비(장선현님),0
기획팀 야근 후 택시비,0
기획팀 야근 후 택시비(결제취소),0
기획팀 야근 후 택시비,0
기획팀 야근 후 택시비(결제취소),0
업무차 주유,1
SC 주차비용,2
21년 2월 하이패스 대금.,0
강동강일점 방문 주차료.,2
21년 2월 하이패스 대금.,0
강동강일점 방문 주차료.,2
용인 고림점 점주 미팅 식사.,6
커피음료,6
직원 식사(파스타_주문 테스팅),6
직원 식사(도시락세트_테스팅),6
주말출근자 음료비(허일구님 외 8명),6
교통비,0
회의시식대,6
대표이사차량 주유비,1
교통비,0
업무이동시 주유비(순천선평점),1
가산미팅시 주차비,2
2월 순회 주차비,2
2월 월마감 및 당직근무시 개인차량사용으로 톨비발생,0
회사 주차장 결제 _ 2873,2
점포사원 주부식대-김희경,6
점포사원 주부식대-김희경,6
점포사원 주부식대-김재욱,6
점포사원 주부식대-김재욱,6
점포사원 주부식대-권기영,6
점포사원 주부식대-김희경,6
FSSC22000컨설팅 진행시 음료수 구입,6
공급사미팅음료(김석훈김지혜),6
점포방문시 발생 고속도로 통행료,0
사무실 방문시 주차비 (심야권 재구매),2
사무실 방문시 주차비 (출차 후 심야권 재구매),2
점포방문시 발생 고속도로 통행료,0
강동강일점 방문 주차료.,2
하이패스,0
하이패스,0
주유비,1
현대백화점 바로투홈 수수료,5
점포 방문활동시 발생한 주유비,1
사무실 방문시 발생한 주차비,2
점포방문활동시 발생한 고속도로통행료,0
가능역 방문시 발생한 주차비,2
점포 방문활동시 발생한 고속도로 통행료,0
직원 회의시 음료 구입 진행,6
본사 방문시 주차비,2
동서울터미널점 방문시 주차비,2
롯데마트청량리/청량리미주점 방문시 주차비,2
직원 3명 식사,6
[회의비]연구소 저녁식사 비용 처리건,6
단짠햄치즈꿀번 (하나푸드)시생산_택시이동,0
이디아 품평회시 이기태외 4명 점심식사,6
음성공장 품평회시 가산stx-v타워 주차,2
[회의비] IPP인턴(이수현님) 면담 및 식사,6
주차비 (송파구 의뢰인 창업상담시),2
2월 17일 포항창포점 점포점검 하이패스 통행료,0
구매팀 업무 협의 후 식사,6
음성센터 출장 업무시 숙박비,0
창원봉곡점 양도양수 상담시 음료비용,6
현장활동시 주유비,1
현장활동시 성당동wb시장조사,4
점포 이동 간 주차 건,2
점포 이동 간 톨게이트 사용 건,0
점포 이동 간 톨게이트 사용 건,0
점포 이동 간 주유 건,1
점포 방문 및 주차 건,2
점포 이동 간 톨게이트 사용 건,0
안전경영팀 회의 시 식대,6
하이패스,0
주유비,1
진천공장 - 제당 미팅 이동 교통비,0
시장조사 - 이디야 품평용 제품구,4
시장조사 - 부산 아슬란 신규 FC,4
점포 이동 간 주차 건,2
부산 공사 진행 점포 점검 및 미팅시 음료,6
마산합포중앙점 현장점검시 주차비,2
2/3 부산동아대병원(3)점 현장점검시 통행료,0
2/4 울산남창점 점포 미팅시 통행료,0
2/16 마산합포중앙점 현장점검 시 통행료,0
2월 영업활동 유료도로 통행료,0
SC 점포 방문간 하이패스 통행료,0
수원정자(2) 점포방문 시 주차,2
신입SD OJT점심식사(장진규최형근),6
2/17 청주가경주공점 직산하나로마트점 미팅 (통행료,0
미국수출 검역증발송 FEDEX 수수료-2월2차,5
업무차발생 휘발유주유,1
SC 업무 중 교통비 발생,0
SC 업무 중 교통비 발생,0
SC 업무 중 교통비 발생,0
SC 업무 중 교통비 발생,0
SC 업무 중 교통비 발생,0
사무실 출근시 일주차장 사용료,2
업무차 통행료,0
업무차 유류비,1
점포명:다산진건 주차장사용,2
평내 물건 조사시 주차비 사용건,2
평내 물건 조사시 주차비 사용,2
사무실 출근시 주차 사용비 건,2
주차비결제,2
톨비결제(창동역 건물주 계약으로 김포방문),0
팀식사비용,6
유류비결제,1
점포방문 주차비,2
점포방문 주차비,2
점포방문 주차비,2
점포방문 주차비,2
대표이사 회의시식대,6
영업활동시 주차비,2
영업활동시 주유비,1
영업활동시 통행료,0
영업활동시 통행료,0
영업활동시 주유비,1
부산당리점 점주 식사,6
2월 주유비 결제,1
2월 톨비 결제,0
을지로 사무실 방문 시 교통비 추가 결제,0
2월 주유비 결제,1
2월 주유비 결제,1
2월 점포간 이동시 주유비,1
2월 점포간 이동시 주유비,1
2월 점포간 이동시 톨비,0
2월 점포간 이동시 톨비,0
2월 점포간 이동시 주차비,2
2월 점포간 이동시 톨비,0
2월 점포간 이동시 주차비,2
TP제주 2월 주부식대금,6
TP제주 2월 주부식대금,6
TP제주 2월 주부식대금,6
TP제주 2월 주부식대금,6
TP제주 2월 주부식대금,6
업무차 하이패스 요금발생,0
업무차 하이패스 비용 발생,0
사무실 주차요금 발생,2
업무차 하이패스비용 발생,0
사무실 주차요금 발생,2
강남지역 점포개발 OJT 활동 시 주차비,2
동탄지역 점포개발 OJT 활동 시 주차비,2
평택지역 점포개발 OJT 활동 시 주차비,2
팀장님 SC 중식으로 인한 사용,6
조성철 외 3인 식사,6
백승화님 문종대님 황준일님 점심 식사,6
공급사방문식사(김석훈안정진유성방문),6
야근 중 식사,6
오전 회의 시식대 사용 件,6
2월 부산타워 출장 철도비(취소전표),0
직장3파트 선임 간담회 저녁식,6
신제품 시생산(영등포) 참관 시 조식비(손주원님),6
철산역미팅시커피,6
사무실 방문시 주차비,2
마두역점 방문시 주차비,2
실버전용세척기 사용 수수료,5
지원팀 보직간부 간단회시 식대,6
2월 팀 주간회의 후 식사 진,6
2월 팀 주간회의 후 식사 진행,6
2월 영업활동 주차장 이용료,2
2월 영업활동 주차장 이용료,2
2월 영업활동 주차장 이용료,2
2월 영업활동 주유비 사용료,1
2102 임직원 기념일쿠폰 운영 수수료,5
B2B 시장조사_초코사각케이크,4
월주차비,2
현장이동시 주유,1
현장이동시 주유,1
톨비,0
현장이동시 주유,1
업무차 하이패스 비용,0
업무차 하이패스 비용,0
업무차 주차비,2
업무차 주차비,2
SC전시준 월 주차 정액 결제,2
업무차 하이패스 비용,0
업무차 하이패스 비용,0
업무차 주유비,1
업무차 하이패스 비용,0
업무차 주차비,2
업무차 주유비,1
안양범계점지원퇴근택시비,0
2월 오픈출근 교통비 발생,0
서현회계법인 PA 식대,6
비연고 교통비신청(994296),0
기획팀 야근 후 택시비(결제취소),0
기획팀 야근 후 택시비(결제취소),0
기획팀 야근 후 택시비(결제취소),0
기획팀 야근 후 택시비(장선현님),0
기획팀 야근 후 택시비(결제취소),0
기획팀 야근 후 택시비(장선현님),0
가산 R&D 주차,2
뉴채널영업팀 회의후 식대,6
업무차 주유,1
업무차 주유,1
21년 2월 하이패스 대금.,0
21년 2월 하이패스 대금.,0
21년 2월 하이패스 대금.,0
강동강일점 방문 주차료.,2
21년 2월 하이패스 대금.,0
21년 2월 하이패스 대금.,0
강동강일점 방문 주차료.,2
21년 2월 주유대금.,1
21년 2월 하이패스 대금.,0
직원 식사(순대국),6
주유비 (김포청송 구로디지털 가산),1
교통비,0
대표이사차량 주유비,1
교통비,0
회의시식대,6
업무이동시 주유비(광주나주)외,1
업무이동시 주유비(광주매곡),1
미팅시 음료(광주매곡계약 점주2명채운)외,6
미팅시 주차비(구로역점),2
현장검수/미팅시 주유비(딜러비러 상계점 외),1
21년2월주차비,2
점포사원 주부식대-박지혜,6
점포사원 주부식대-권기영,6
점포사원 주부식대-박지혜,6
점포사원 주부식대-박지혜,6
점포사원 주부식대-김재욱,6
점포사원 주부식대-김재욱,6
점심식사,6
팀 회의시식대_정나리님외 3인,6
점포방문시 발생 고속도로 통행료,0
점포방문시 발생 고속도로 통행료,0
2월 유류비,1
점포방문시 발생 고속도로 통행료,0
21년 2월 하이패스 대금.,0
직원 3명 식사,6
2월 톨게이트 비용,0
주유비,1
제당 머신점검차 방문 교통비,0
제당 머신점검차 방문 교통비,0
사무실 방문시 주차비,2
음료 신제품 영양성분 검사 비용,6
재고 조달 업무회의 음료 구입,6
재고 조달 저녁 식사,6
2/18 김제검산점re 계약 및 도면미팅 (통행료),0
전기안전관리자 용역 수수료 件,5
[청소용역수수료]배수관 집수조 유지보수 비용,5
한일병원점 방문 주차비용,2
신창시장점 방문 주차비용,2
업무 미팅 후 식대,6
점포 방문시 발생된 주차비용,2
본사 뉴채널팀 업무회의관련 방문시 발생된 주차비용,2
주유,1
사원 중식 구매,6
개발활동시 주유비,1
대표님 장례식장 주차료,2
업무차발생 고속도로통행료,0
가산 R&D센터 방문시 택시이용,0
상품팀 회의 시식대,6
점포방문주차료,2
점포방문주차료,2
점포방문주차료,2
점포방문주차료,2
점포방문주차료,2
점포방문시 주차비사용,2
2월주차비,2
2월주유비,1
2월주차비,2
고양성사점 방문시 주차비,2
사무실 방문시 주차비,2
2월 고속도로 통행료,0
2월 유류비,1
식기세척기 사용 수수료,5
TP 오리점 방문 주차비,2
하이패스 사용건,0
2월 영업팀 회의 후 식사 진,6
2월 영업활동 주차장 이용료,2
2월 영업활동 주차장 이용료,2
2월 영업활동 주차장 이용료,2
2월 영업활동 주유비 사용료,1
점심식사(대구사월역),6
TP스테이크모듈광고영상촬영시식대(w강홍지님김지용),6
현장이동시 주유,1
주차비,2
주차비,2
업무차 주유비,1
업무차 하이패스 비용,0
업무차 하이패스 비용,0
업무차 주유비,1
업무차 주차비,2
2/18 푸드머스 담당자 미팅 진행 시 팀원 식사 진,6
음성물류 회의 참석시 톨게이트비 사용,0
삼일회계법인 감사인 식대,6
시내교통비,0
비연고 교통비신청(994296),0
안양범계지원퇴근택시비,0
기획팀 야근 후 택시비(장선현님),0
기획팀 야근 후 택시비(결제취소),0
기획팀 야근식대,6
기획팀 야근 후 택시비(결제취소),0
기획팀 야근 후 택시비,0
기획팀 야근 후 택시비,0
2/19일 저녁 잔업시식대(윤봉권 1인),6
업무차 주유,1
가산 R&D 주차,2
업무차 주유,1
2월 음원사용 수수료,5
강동강일점 방문 주차료.,2
21년 2월 주유대금.,1
21년 2월 하이패스 대금.,0
강원 회의 주차대금.,2
21년 2월 주유대금.,1
미사역점 방문 주차료.,2
하남풍산점 방문 주차료.,2
21년 2월 주유대금.,1
파머스마켓점 방문 주차료.,2
21년 2월 하이패스 대금.,0
21년 2월 주유대금.,1
사무실 내근 주차료.,2
정산시식대,6
주말근무시식대,6
회의시식대,6
회의시식대,6
회의시식대,6
회의시식대,6
본부장님 및 유관부서 리더미팅으로 인한 음료 구매,6
직영팀 점심식사,6
업무이동시 주유비(춘천제전)외,1
사무실 월 주차비,2
회의후 석식 SCPM,6
2/4 퇴근 교통비(야근 택시비),0
뚜레쥬르 카페신촌 방문 주차장 사용,2
점포사원 주부식대-권기영,6
점포사원 주부식대-권기영,6
점포사원 주부식대-박지혜,6
점포사원 주부식대-박지혜,6
점포사원 주부식대-김희경,6
점포사원 주부식대-박지혜,6
구매팀회의음료(김석훈外4명),6
저녁식사(김석훈이지희),6
점포방문시 발생 고속도로 통행료,0
점포방문시 발생 고속도로 통행료,0
점포방문시 발생 고속도로 통행료,0
점포방문시 발생 고속도로 통행료,0
사무실 출근 주차비,2
정기주차권,2
원두 및 음료제품 구입,6
랩실 이동교통비,0
제당 머신점검차 방문 교통비,0
재고 조달 저녁 식사,6
1월 영업목적 이동 톨게이트비,0
2월 방제수수료 (명문코리아),5
점포 품질위생점검차 방문시 발생된 주차비용,2
사원 중식 구매,6
개발활동시 고속도로 통행료,0
구성원 면담 및 석식,6
점포방문주차료,2
점포방문주차료,2
점포방문주차료,2
점포방문주차료,2
점포방문주차료,2
'21년 2월 퇴근교통비 신청 件,0
고속도로통행료(2월20일까지),0
서현회계법인 회의시식대,6
2월 퇴근교통비,0
고속도로 통행료,0
논산 산지 방문시 교통비 (용산 → 논산역),0
주유비(김종민),1
가맹점 방문시 톨비 사용,0
식권_식신(1/21~2/20) 제휴정산 수수료 件,5
식권_식신(1/21~2/20) 제휴정산 수수료 件,5
식권_식신(1/21~2/20) 제휴정산 수수료 件,5
경리파트 간식대,6
청주터미널점방문주차비_안혜민,2
사무실방문주차비_김도련,2
트랜디캐칭방문주차비_안혜민,2
사무실방문주차비_김도련,2
영등포 시생산 음료구매,6
점포방문간 주유비/톨비/주차비 발생,2
점포방문간 주유비/톨비/주차비 발생,2
점포방문간 주유비/톨비/주차비 발생,2
2월2일 주유법인카드 승인 오류로 인한 개인 결제 처리 건.,1
부산백병원 주차비,2
하이패스 통행료,0
비연고 교통비신청(200214),0
미팅 시 식대,6
미팅 시 식대,6
주차비,2
식대(강동지역 SC미팅후식대),6
주차료(강동강일 주차 강동지역 SC동행  현장점검),2
통행료,0
음료(영업팀장 미팅시 음료),6
주차료(사업부회의 본사),2
SC 본사 방문 시 주차 비용,2
대학로점 방문 시 주차 비용,2
강남점 방문 시 주차 비용,2
건국대병원점 방문 시 주차 비용,2
주차료,2
SC 점포 방문간 자가차량 주유,1
21년 2월 대구사무실 고정주차료,2
지방출장시 이동(서울역) 결제취소,0
지방출장시 이동(뚜)광주문흥2호),0
지방출장시 열차예매(동해-서울),0
지방출장시 이동(상봉역) 결제취소,0
지방출장시 이동(상봉역),0
지방출장시 이동(동해역),0
지방출장시 이동(서울역) 결제취,0
지방 출장시 이동(순천터미널-광양) 결제취소,0
지방 출장시 이동(순천터미널-광양),0
지방 출장시 이동(뚜)광양칠성-뚜)전남광양) 결제취?,0
지방 출장시 이동(뚜)순천조례파머스) 결제취소,0
지방 출장시 이동(뚜)순천조례파머스),0
지방 출장시 열차이용료(서울-대구),0
주유,1
대표이사차량 주유비,1
회의시식대,6
주차비,2
오비맥주 계약관련 미팅시 음료구,6
주차비,2
주차비,2
톨비,0
주유비 취소,1
톨비,0
21년 2월 CJ텔레닉스 경비인력 수수료,5
PM 회 후 중식,6
BGF업체 미팅진행후 팀 wrap-up미팅진행을위한 식사,6
점포 이동 간 톨게이트 사용 건,0
4파트 간담회시 식사(임동수 외 3명),6
영업팀 미팅시 식대,6
팀미팅후 식사,6
현장활동시 식사,6
반품장 활동후 식사,6
2월 고속도로 통행료,0
구로지역 시장조사시 주차장 이용,2
고속도로통행료(음성공장/카카오커머스),0
창원대산 계약협의 / 울산다운 도면협의 외 부산출장,0
주유카드 승인취소,1
구로디지털직영점 점검시 주차비,2
고속도로 통행료,0
직장 업무협의후 식대(김현목외 2명),6
생산간부 간담회후 식대(김현목외4명),6
코엑스-서울역 소모품 이동차 택시이용,0
아산터미널점 점포 방문시 주차비 사용 건,2
고속도로 통행료 및 주차비,2
현장방문 하이패스 톨게이트,0
현장방문 하이패스 톨게이트,0
서울센터 출장시 식비,0
SCM팀 회의시 음료구입비,6
SCM팀 회의시 음료구입비,6
RPA 협의 미팅시 음료 구매,6
커피원두,6
영업지원팀 저녁식사,6
톨게이트비,0
톨게이트비,0
음료(강입암 리뉴얼 도면 미팅시),6
고속도로통행료및주차료,2
삼육식품 콜라보 미팅시 커피구입,6
원주터미널점 방문시 주차비,2
제당 머신점검차 방문 교통비,0
제당 머신점검차 방문 교통비,0
제당 머신점검차 방문 교통비,0
뚜레음료 신제품 제조공정서,6
재고 조달 저녁 식사,6
재고 조달 저녁 식사,6
[지급]대한한국공항 21년 1월 물류대행수수료 확정,5
[회의비] 부서 미팅후 회의시식대,6
식사비용,6
식사비용,6
뚜레쥬르 부산장산역점 오나겸님  월주차비용,2
점포 품질위생점검차 방문시 발생된 주차비용,2
부천순천향방문주차,2
부천대성점방문주차,2
대표님 장례식장 주차료,2
구성원 면담 및 석식,6
가산 R&D센터 방문후 복귀시  택시이용,0
점포방문주차료,2
점포방문주차료,2
구성원 식대,6
주차비 (본부 출근시 주차비용),2
가맹점 방문시 톨비 사용,0
가맹점 방문시 톨비 사용,0
식권_식신(1/21~2/20) 제휴정산 수수료 件,5
식권_식신(1/21~2/20) 제휴정산 수수료 件,5
식권_식신(1/21~2/20) 제휴정산 수수료 件,5
업무차교통비 (대표이사 방문 생산기능직 면접전형),0
업체점검시 음료비(이승희 외 1명),6
업체점검시 식사비(이승희 외 2명),6
업체미팅시 음료비(이승희 외 2명),6
사무실방문주차비_안혜민,2
사무실방문주차비_김도련,2
트랜디캐칭방문주차비_김도련,2
사무실방문주차비_안혜민,2
3월신제품교육으로가산훈련원방문(광명행),0
톨게이트비,0
진해남문 폐점거제아주덕산 리뉴얼 장비회수시음료비,6
톨게이트비,0
음료샐러드 리비짓 쿠폰 제작,6
주차장 이용료,2
주차장 이용료,2
음료 반값 할인 홍보물 디자인 비용,6
음료 반값 할인 홍보물 출력 비용,6
영등포 시생산 음료구매,6
점포방문간 주유비/톨비/주차비 발생,2
점포방문간 주유비/톨비/주차비 발생,2
신한관세법인 업무 미팅 시 음료대,6
주유비,1
하이패스 통행료,0
하이패스,0
음료(고덕그라시움 양수자 면접),6
식대(QC회의후 식대),6
음료(점주면담 운영 관점),6
음료(점주면담 이전 관련),6
주유비,1
비연고 교통비신청(995189),0
매장 방문 시 유류비용,1
공덕해링턴점 방문 시 주차 비용,2
대학로점 방문 시 주차 비용,2
본부장님 리더 미팅 시 음료 구입 건,6
본부장님 지인 식사 초대,6
SC 점포 방문간 하이패스 통행료,0
베)공간디자인파트 회의 음료비,6
21년 STAR빵 운영 계획 회의 후 식사(SC PM QC),6
2월 영업활동 주유비 사용,1
2월 고속도로 통행료,0
지방출장시 이동(서울역),0
지방출장시 이동(광주송정역),0
지방출장시 이동(상봉역) 결제취소,0
지방출장시 이동(동해역) 결제취소,0
지방출장시 이동(상봉역),0
지방 출장시 이동(순천역-순천터미널),0
지방 출장시 이동(광양터미널-뚜)광양칠성),0
지방 출장시 이동(광양터미널-순천터미널),0
지방 출장시 이동(순천터미널-숙소),0
지방 출장시 열차이용(순천-서울),0
지방 출장시 이동(동대구역),0
골프_달콤커피,6
교통비,0
주차비,2
주차비,2
톨비,0
주차비,2
주유비 취소,1
주차비,2
21년 2월 BS청소도급 수수료,5
김동민님 야근식대,6
3월 신제품_선물양과_지기구조 샘플 제작 비용,4
고속도로 통행료,0
카카오커머스 미팅 시 주차요금,2
면담 시 음료구입,6
강화점 품질 점검차 방문으로 발생한 주차비,2
뚜 여주오학점 점주도면협의 주차,2
주차 및 통행료,2
점포 이동 간 주차 건,2
현장방문 차량 유류비,1
팀미팅후 식사,6
업무차 주차비,2
매장방문 톨비,0
2월 19일 창원대산점 도면협의 하이패스 통행료,0
주유카드 승인 취소,1
2월 23일 울산다운점 도면협의 주차장 사용료,2
[TVC과정] 온라인퍼실리테이터 운영 시 음료구매,6
구로디지털직영점 점검시 주차비,2
공무환경팀 사무실 커피차 구,6
원료수불담당 간담회시 음료대(김현목외3명),6
업체점검시 톨게이트비,0
영업활동 주유비,1
톨게이트비,0
현장방문 하이패스 톨게이트,0
현장방문 하이패스 톨게이트,0
서울센터 출장시 음료구입비,6
SCM팀 회의시 음료구입비,6
주차비,2
하이패스,0
휘발유 주유,1
고속도로 통행료 사,0
영업지원팀 음료구입(W.IT운영파트),6
주유비,1
주유비,1
주유비,1
톨게이트비,0
주차,2
S&OP회의 운영 방향성 미팅시 음료,6
고속도로통행료,0
강원대생활협동조합점 방문시 주차비,2
야근 후 퇴근교통비,0
2/19 성남의료원점 시설미팅 (통행료),0
반품 지원 관련 음료 구매,6
반품 지원 관련 음료 구매,6
양과 신제품 연출물 인터넷 구매,4
사무업무를 위한 사무실 방문 주차비 사용,2
주차,2
점포방문에 따른주유비 사용,1
점포방문에 따른주차비 사용,2
점포방문에 따른주차비 사용,2
점포방문에 따른주유비 사용,1
점포방문에 따른주차비 사용,2
풍무센트럴푸르지오 오픈식대비 사,6
구성원 미팅후 식대,6
대표님 문상후 귀가 교통비_취소,0
대표님 문상후 귀가 교통비,0
법인등기부등본 발급 수수료,5
회의시 식대 사용 件,6
점포방문에 따른 고속도로통행료,0
야근후 퇴근시 택시이용(취소예정분),0
LK9 방문미팅 간 음료구매,6
업무차 통행료,0
여비교통비_택시_멀티스토어 피드백미팅,0
비연고 교통비신청(996502),0
점포 방문간 발생 교통비,0
점포 방문간 발생 교통비,0
점포 방문간 발생 교통비,0
대전관저더샵 오픈인력 식대,6
대전관저더샵 오픈인력 식대,6
대전관저더샵 오픈인력 식대,6
대전관저더샵 오픈인력 식대,6
대전관저더샵 오픈 지원 인력 식대,6
사업부 미팅 후 중식,6
업무 시 톨비 주차비,2
매장 대청소 중 직원 식사비,6
무설탕토스트식빵(아워홈계룡공장) 시생산_ 택시이동,0
무설탕토스트식빵(아워홈계룡공장) 시생산_ 택시이동,0
업무차교통비_주차료,2
업무차교통비_주차료,2
업무차교통비_톨비,0
업무차교통비_주차료,2
BTS TRM 점포 개선진행시 통행료 주차료 상신 件,2
하이패스 비용 발생,0
하이패스 비용 발생,0
주차장 비용 발생,2
주차장 비용 발생,2
주유비 비용 발생,1
[2월경비] 박나송 퇴근교통비,0
후불 하이패스,0
건대병원점 방문 주차비,2
후불 하이패스,0
수서역 후보사이트 방문 주차비,2
대학로점 점장 방문 주차비,2
카카오커머스 사전미팅시 차음료구입,6
이디야품평회 준비시 팀장식사,6
신제품 품평회 제품 구입,4
주차요금,2
톨게이트 요금,0
외근시 주차비,2
외근시 주차비,2
2월 19일~2월 24일 톨게이트비,0
상품팀 회의시식대,6
업무협의시 식대,6
2월 외근시 교통비,0
통행료,0
점포방문주차료,2
김유리님 주유비용,1
논산 산지 방문 후 교통비 (논산역 → 용산역),0
쿠팡 마케팅 미팅시 음료구매,6
식권_식신(1/16~2/15) 제휴정산 수수료 件,5
업체점검시 식사비(이승희 외 1명),6
업체점검시 식사비(이승희 외 1명),6
사무실방문주차비_안혜민,2
사무실방문주차비_안혜민,2
사무실방문주차비_김도련,2
사무실방문주차비_안혜민,2
3월신제품교육으로가산훈련원방문(오송행),0
마산합포중앙 이전신규점 방문시 식사비(팀장님 동행),6
주차비용,2
주차장 이용료,2
주차장 이용료,2
[1월] 캐치테이블사용수수료,5
2월 신제품 교육간 제품 구입,4
점포방문간 주유비/톨비/주차비 발생,2
롯데마트울산 주차비,2
하이패스 통행료,0
회의후 점심식사 (SC),6
미팅 시 교통비,0
미팅 시 교통비,0
미팅 시 식대,6
주차비결제,2
주차비결제,2
주차비,2
음료(점주면담 SC동행),6
주차료(용인데이파크 점주면담),2
제품(경쟁사 신제품 점검 시식 SCPM),4
통행료,0
SC 본사 방문 시 주차 비용,2
건국대병원점 방문 시 주차 비용,2
대학로점 방문 시 주차 비용,2
SC 본사 방문 시 주차 비용,2
주차료,2
21년 2월 대구사무실 외부인 주차료,2
지방출장시 이동(서울역) 결제취,0
지방출장시 열차예매(서울-동해),0
지방출장시 열차이용(광주-서울),0
지방출장시 열차예매(서울-순천),0
지방출장시 이동(동해역-뚜)동해),0
지방출장시 이동(동해역) 결제취소,0
지방출장시 이동(서울역) 결제취소,0
지방출장시 이동(서울역),0
지방 출장시 이동(뚜)광양칠성-뚜)전남광양) 결제취소,0
지방 출장시 이동(뚜)광양칠성-뚜)전남광양),0
지방 출장시 이동(뚜)순천조례파머스) 결제취소,0
지방 출장시 이동(순천터미널-광양) 결제취소,0
지방 출장시 열차이용료(대구-서울),0
교통비,0
톨비,0
현장이동시 주유,1
톨비,0
톨비,0
주유비,1
톨비,0
서울센터 FV회의 중식대,6
2/23 잔업시식대(4명),6
마켓컬리 미팅 후 사무실 복귀시 교통비,0
뚜 구로디지털직영점 현장점검 주차,2
뚜 구로디지털직영/여주오학_주유,1
샌드위치 신제품 시생산진행관련 여비교통비 상신 件,0
점포 이동 간 주유 건,1
영업팀 미팅시 식대(점포효율화 방안),6
복합화사업팀 주간미팅시 식대,6
업무차 주유비(음성공장),1
유류비,1
신제품 개발을 위한 틀 구매,4
2월 19일 창원대산점 도면협의 하이패스 통행료,0
야근 후 퇴근교통비(연결재무제표 및 주석 작성),0
인턴사원 간담회후 식대(김현목외3명),6
코엑스몰점 점장 미팅 시 커피,6
12월 고속도로 통행료,0
대표이사 신제품 시식회,4
대표이사 회의시식대,6
고속도로통행료 및 주차비,2
부산부경대점 방문시 주차비,2
현장방문 하이패스 톨게이트,0
현장방문 하이패스 톨게이트,0
현장방문 하이패스 톨게이트,0
서울센터 출장시 주차비,2
SCM팀 회의시 음료구입비,6
2월 점포 방문시 발생한 고속도로 통행료 및 주차비,2
고속도로 통행료 사용,0
점포명:다산진건 주차장사용,2
영업지원팀 저녁식사,6
톨게이트비,0
식사(강릉입암 리뉴얼 도면 미팅시),6
2021년02월 외식물류파트 식대 정산 件,6
김만방님 운영파트 저녁식사,6
양과 신제품 연출물 인터넷 구매,4
양과 신제품 연출물 인터넷 구매,4
톨비,0
BGF 미팅 이후 팀 식사,6
업무시 발생한 통행료,0
점포방문에 따른주차비 사용,2
점포방문에 따른주유비 사용,1
점포방문에 따른주차비 사용,2
점포방문에 따른주차비 사용,2
점포방문에 따른주차비 사용,2
점포방문에 따른주차비 사용,2
풍무센트럴푸르지오 오픈식대비 사,6
풍무센트럴푸르지오 오픈식대비 사,6
풍무센트럴푸르지오 오픈식대비 사,6
본사출근으로 인한 주차장 임차료 사용,2
구성원 미팅시 음료,6
야근시 식대,6
야근후 퇴근 교통비,0
대표님 문상후 귀가 교통비_취소,0
구성원 미팅시 음료,6
우리은행 방문시 교통비,0
한국은행 방문시 교통비,0
야근후 퇴근시 택시이용,0
선물세트 직접 배송 시 택시이용,0
플러스앤 미팅 간 음료구매,6
사무실 방문간 주차비,2
사무실 방문간 주차비,2
사무실 방문간 주차비,2
비연고 교통비신청(996502),0
점포 방문간 발생 교통비,0
점포 방문간 발생 교통비,0
대전관저더샵 오픈인력 식대,6
2월점포방문시발생된고속도로통행료및주차료,2
외)r&d 브랜드별 미팅 후 중식,6
업체 방문 주차비,2
QC회의 참석후 석식 사용.,6
직원(9명) 음료구입,6
무설탕토스트식빵(아워홈계룡공장) 시생산_ 택시이동,0
업무차교통비_주유비,1
업무차교통비_주차료,2
업무차교통비_주차료,2
업무차교통비_주차료,2
업무차교통비_주차료,2
업무차교통비_주차료,2
2월 여비 교통비 사용건,0
유류비 사용건,1
점포순회시 발생된 주차비,2
주차장 비용 발생,2
대전영업팀 2월 신제품 품평회 진행 제품 구매,4
대전영업팀 2월 신제품 품평회 진행 제품 구매,4
주유비 비용 발생,1
하이패스 비용 발생,0
하이패스 비용 발생,0
주유비 비용 발생 취소,1
베)대전영업팀 석식 이용,6
광주사무실 경비용역 수수료,5
하이패스,0
업무차 발생한 주차비용 및 톨게이트 비용,2
건대병원점 면담 및 식사(점장 및 구성원),6
후불 하이패스,0
강남역점 방문 주차비,2
후불 하이패스,0
후불 하이패스,0
회의후 식사,6
본부미팅후 식사,6
배민미팅시 차음료 구입,6
대표이사 부친 조문객 응대시 주차비,2
CGV사옥 미팅방문시 주차비,2
선물양과_3월 신제품_포장재 동판 제작 비용,4
비연고 교통비신청(997786),0
담당점포 순회시 발생된 주차비통행료등,2
주차요금,2
주차요금,2
점장 장기 주차장 결제비용,2
2월 주차료,2
대한통운 미팅시 음료구입,6
통행료,0
통행료,0
통행료,0
통행료,0
통행료,0
2월 주유비 환불건,1
신규오픈점 팀장님 점주님 미팅시 음료 구매,6
신규오픈점 점주님 SC PM 식사,6
2월 주유비,1
영월중앙점 TRM 점주 미팅 후 중식,6
점포방문시 주차,2
점포방문시 주차,2
점포방문시 주차,2
점포방문시 주차,2
점포방문시 주차,2
동탄나루마을 행사 상담시식사,6
점포방문시 주차,2
음료 쿠폰 2000매 제작,6
진천 CU 미팅 시 음료구입,6
업무시발생된주차비,2
문정로데오점 점주인터뷰/도면협의시 음료구매,6
업무차 발생 교통비(파견 협력업체 출장),0
사무실 출근시 주차 사용 건,2
신제품 출시 촬영비,4
하이패스,0
멕시카나 미팅시 주차비,2
비연고 교통비신청(994044),0
[원료입고]이슈에 따른 입고지연  사원 식사,6
[시생산]신제품 파베이크(2종)-2일차,4
[시생산]신제품 파베이크(2종)-2일차,4
출장시 식사비,6
전주지역 출장시 택시비,0
대구지역 출장시 택시비,0
대구지역 출장시 택시비,0
증평지역 출장시 식사비,6
신제품 교육시 열차료,0
점포 이동시 주유비 사용 件,1
점포 이동시 하이패스 사용 件,0
공장장간담회식사후 음료구입(박보금님외3명),6
상가조문(5파트 김혜은님부친상)시 음료구입,6
2월 주유비용,1
2월 증빙(고속도로 통행료 및 주차비),2
양과 신제품 연출물 인터넷 구매(제주),4
양과 신제품 연출물 인터넷 구매,4
양과 신제품 연출물 인터넷 구매,4
사무업무를 위한 사무실 방문 주차비 사용,2
강남자곡점 방문 주차비 사,2
사무업무를 위한 사무실 방문 주차비 사용,2
팀 식사,6
2월 주차비,2
점포방문에 따른주차비 사용,2
점포방문에 따른주차비 사용,2
점포방문에 따른주차비 사용,2
점포방문에 따른주차비 사용,2
점포방문에 따른주차비 사용,2
점포방문에 따른주차비 사용,2
점포방문에 따른주차비 사용,2
풍무센트럴푸르지오 오픈식대비 사용,6
풍무센트럴푸르지오 오픈식대비 사,6
풍무센트럴푸르지오 오픈식대비 사,6
구성원 미팅후 식대,6
대표님 문상 이동시 교통비,0
NH증권 미팅시 음료,6
우리은행 방문시 교통비,0
한국은행 방문시 교통비,0
미팅 후 식대,6
평택 청북 신규 의뢰인 미팅시 음료 구매 件,6
동탄디엠시티점 점주 미팅시 음료 구매 件(본사1층),6
야근후 퇴근시 택시이용(최소분),0
야근후 퇴근시 택시이용,0
선물세트 직접 배송 시 택시이용,0
넥스트에너지 미팅 간 음료구매,6
사무실 방문간 주차비,2
점포 방문간 발생 교통비,0
점포 방문간 발생 교통비,0
대전관저더샵 오픈인력 식대,6
대전관저더샵 오픈인력 식대,6
대전관저더샵 오픈인력 식대,6
업체 방문 주차비,2
업체 방문 주차비,2
주차 및 톨비,2
아워홈 계룡공장 출장 _ 음료시식대,6
[운영비]TVC 온라인 퍼실리테이터 과정_강사음료,6
업무차교통비_주차료,2
업무차교통비_주차료,2
업무차교통비_주차료,2
업무차교통비_주차료,2
업무차교통비_주차료,2
업무차교통비_주유비,1
주차장 비용 발생,2
박수영 팀장님 월주차 결제,2
주차장 비용 발생,2
화이트데이 동영상 촬영차 방문 음료구매,6
주차장 비용 발생,2
주유비 비용 발생,1
주유비 비용 발생,1
주차,2
하이패스,0
교통비,0
점포 방문 주유비,1
점포 방문 주유비,1
직영점 설연휴 방문시 팀장 식사,6
직영팀 미팅후 식사,6
푸드머스 본사방문시 주차비,2
R&D센터 방문(품평) 주차비,2
주차요금,2
톨게이트 요금,0
톨게이트 요금,0
톨게이트 주차비 주유비(주유법인카드 한도초과에 따른 개인카드 사용분),2
식품안전파트 식사,6
잔업시 식대,6
통행료,0
통행료,0
통행료,0
공유주방 멀티스토어 메뉴 시식회 교통비 사,0
영업3팀 SC 간담회 후 식대,6
반품장 방문시 식대,6
대구팀 방문시 구성원 식대,6
2월 주유비,1
양도양수 오픈점 3일차 중식,6
신규오픈점 2일차 중식(PM),6
2월 주유비,1
2월 주유비 환불,1
점포방문시 주차,2
점포방문시 주차,2
점포방문시 주차,2
점포방문시 주차,2
점포방문시 주차,2
업무시발생된주차비통행료,2
야근 시 팀원 식사 비용,6
사무실 출근시 주차장 이용,2
사무실 출근시 주차 사용비,2
주솔 신제품 촬영비,4
멕시카나 미팅시 주차비,2
[시생산]신제품 파베이크(2종)-1일차,4
[시생산]신제품 파베이크(2종)-1일차,4
전주지역 출장시 출장비,0
오후 회의 시식대 사용 件,6
상가조문(김찬호님부친상)시 주차료,2
연휴전 점검 퇴근 후 구성원식사(이승환님외1명),6
주차비,2
주차비,2
주차비,2
주차비,2
02월_업무차 교통비_하이패스,0
미팅시 음료대,6
[트레이너후보자] 학습자강사 음료 구입비,6
영업활동시 통행료,0
영업활동시 주차비,2
영업활동시 주차비,2
2/24 수입액란 공급업체 미팅시 음료 구매(3명),6
업무교통비,0
잔업후 석식비용,6
미팅 시 음료비용,6
구성원 면담 시 음료비용,6
현장방문 하이패스 톨게이트,0
2월 현장방문 톨게이트,0
TRM/리뉴얼 대상점 방문시 발생된 교통비 처리건,0
TRM/리뉴얼 대상점 방문시 발생된 교통비 처리건,0
TRM/리뉴얼 대상점 방문시 발생된 교통비 처리건,0
TRM/리뉴얼 대상점 방문시 발생된 교통비 처리건,0
TRM/리뉴얼 대상점 방문시 발생된 교통비 처리건,0
회의시식대,6
구성원 음료(한뿌리 헛개수) 구매 비용,6
구성원 면담 시 석식비,6
퇴근 교통비,0
구성원 음료 구매 비용,6
주유,1
대표이사 회의시식대,6
3월 출장 (대표님동대구-수서),0
3월 출장 (취소),0
사무실방문 주차비_ 안혜민,2
베이킹키트 스낵패키지 음료 등 샘플링,6
마케팅 회의 시 시식용 신제품 샘플링,4
대표이사 회의시식대 (쥬에 한남동 취소 위약),6
위레호반 점검방문 주차비,2
부서 구성원 점심 식사,6
회의 점심 식사,6
PM 점심식사 비용,6
영업활동 통행료 사용,0
여비교통비-업무차교통비,0
[2월경비] 나이스커피 비용처리,6
현장활동시 유류대,1
PM2월신제품및시즌홍보물1,4
업무차 교통비 (퀵),0
업무차 교통비 (퀵),0
업무차 교통비 (시장조사 이동),0
업무차 교통비 (시장조사 이동),0
빵파트 정기품평 시장조사,4
카카오택시 자동 결제,0
카카오택시 결제 취소,0
빵파트 시장조사 이동,0
카카오택시 자동 결제,0
빵파트 시장조사 이동,0
빵파트 시장조사 이동,0
카카오택시 자동 결제,0
카카오택시 결제 취소,0
카카오택시 결제 취소,0
도심점 방문 후 주차비,2
유류비,1
2월이승혁님교통비,0
2월 교통비,0
2월 톨게이트 비용,0
2월 톨게이트 비용,0
2월 톨게이트 비용,0
가맹점 방문시 주유 사용,1
주유비,1
주유비,1
톨게이트비용,0
점포 방문 주차비,2
톨게이트비용,0
톨게이트비용,0
톨게이트비용,0
외근시 주차비(용산_올리브네트웍스),2
촬영 외근시 식대,6
촬영 외근시 식대,6
영업시차량 주유,1
2월 고속도로 통행료 및 주차비,2
주차비,2
통행료,0
통행료,0
통행료,0
통행료,0
멕시카나 품평회진행후 상품팀원 저녁식대비용 상신,6
2월 통행료 및 주차비,2
양도양수 오픈점 1일차 중식,6
2월 주유비,1
양도양수 오픈점 2일차 중식,6
신규 오픈점 1일차 중식(팀장님SC1PM1),6
신규 오픈점 1일차 중식(PM2 QC1),6
신규오픈점 2일차 중식(PMQC),6
신규오픈점 3일차 중식(PMQC),6
2월 주유비,1
2월 정기주차,2
점포방문시 주차,2
점포방문시 주차,2
점포방문시 주차,2
점포방문시 주차,2
점포방문시 주차,2
점포방문시 주차,2
을지로->쌍림 포장재 이동 교통비,0
2101 CJBILL 사용수수료,5
주차비 (본부 출근시 주차비용),2
톨비,0
2월교통,0
사무실 출근시 주차 사용비,2
점포개발팀 회의 후 식대 사용 건,6
멕시카나 미팅시 주차비,2
주차비,2
비연고 교통비신청(994044),0
TRM파트 점심식사,6
지방출장시 주차비,2
전주지역 출장시 광명역 주차비,2
신제품 교육시 열차료,0
점포방문후 구송이님 점심식사 진행.,6
점포 이동시 주유비 사용 件,1
점포방문시 주유비사용,1
점포방문시 주차비 사,2
점포 이동시 하이패스 사용 件,0
상가조문(5파트 김혜은님부친상)시 음료구입,6
주차비,2
주차비,2
주차비,2
주차비,2
scm팀 회의시식대,6
N타워납품업체(KTC)미팅음료비,6
잔업시식대,6
주차비결제,2
영업활동시 주차비,2
영업활동시 통행료,0
서울역 이동시 택시비,0
현장검수/미팅시 주유비(여의도I 및 구로 외),1
외부주차장 정기 주차비 2월 分,2
비연고 교통비신청(201220),0
비연고 교통비신청(201220),0
2/24 시장조사비,4
스마트 오더 사용 수수료,5
파트 중식비용,6
업무교통비,0
업무교통비,0
파트 중식비용,6
구성원 면담 시 음료비용,6
구성원 면담 시 음료비용,6
2021년 2월 태블릿 렌탈 수수료,5
TRM/리뉴얼 대상점 방문시 발생된 교통비 처리건,0
TRM/리뉴얼 대상점 방문시 발생된 교통비 처리건,0
TRM/리뉴얼 대상점 방문시 발생된 교통비 처리건,0
TRM/리뉴얼 대상점 방문시 발생된 교통비 처리건,0
대표이사차량 주유비,1
회의시식대,6
구성원 면담 시 음료 구매 비용,6
구성원 음료 구매 비용,6
영업팀장미팅식사(황민성님),6
정기주차,2
3월 출장 (변희성님마산-서울),0
3월 출장 (대표님마산-동대구),0
3월 출장 (취소),0
사무실방문주차비_ 김도련,2
사무실방문주차비_ 민성희,2
송파황실 점검방문 주차비,2
고속터미널 위생 점검방문 주차비,2
가산디지털 분임회의방문 주차비,2
톨비,0
출장일,0
고속도로 통행료(23~25일),0
고속도로 통행료 사,0
업무차 교통비,0
업무차 교통비 (시장조사 이동),0
업무차 교통비 (시장조사 이동),0
빵파트 정기품평 시장조사,4
빵파트 정기품평 시장조사,4
빵파트 정기품평 시장조사,4
카카오택시 결제 취소,0
카카오택시 결제 취소,0
카카오택시 결제 취소,0
빵파트 시장조사 이동,0
카카오택시 결제 취소,0
빵파트 시장조사 이동,0
카카오택시 자동 결제,0
카카오택시 결제 취소,0
카카오택시 자동 결제,0
김현아님 교통비,0
통행료,0
오남신우점 방문 후 주차비,2
2월 정기주차,2
21년2월 교통비(통행료주차료),2
생산부서장 간담회시 음료비,6
김제검산점 점주님 리뉴얼 미팅시 음료 구매,6
2월 업무상 발생된 하이패스 톨비,0
고속도로 통행료 및 주차료,2
영업활동 주차비 사용,2
톨게이트비용,0
톨게이트비용,0
점포 방문 주차비,2
주유비,1
점포 방문 주차비,2
톨게이트비용,0
주유비,1
점포개발 미팅후 중식,6
2월 업무차 교통비,0
미팅후 식사,6
21년 2월 주유대금.,1
구성원 면담시 음료 구매,6
마산합포중앙점 오픈지원 인력 식대,6
통행료,0
주차비,2
[선물양과]신제품 촬영,4
sc사무실방문 주차비,2
업무차 교통비(주차비),2
업무 출장위한 차량 주차료,2
점포방문 주차비,2
점포방문 주유비,1
주차비,2
베)공간디자인파트 회의 음료,6
2월 점포방문 시 주차 및 통행료,2
주유비,1
팀장님SC 점심식사 진행,6
톨게이트요금,0
주차요금,2
품평회 준비용 시장조사 제품구입,4
품평회 준비용 시장조사 제품구입,4
외부 미팅 이동 택시비,0
가산 알앤디 이동 택시비,0
외부 미팅 이동 택시비,0
가산 알앤디 이동 택시비,0
하이패스 비용 발생,0
2월 배민규님 마감근무 퇴근 교통비,0
집-용산역 이동 택시비,0
전주역-전주센터 이동택시비,0
점포방문 시 주차,2
진천공장 회의 시 이동_톨게이트 비용,0
회의시식대,6
회의시식대,6
회의시식대,6
업무차교통비,0
잔업시식대,6
회의시식대,6
회의시식대,6
잔업시식대,6
회의시식대,6
회의시식대,6
비연고 교통비신청(995478),0
비연고 교통비신청(995478),0
서현회계법인 미팅시 음료,6
재무팀 기말업무 잔업시식대,6
기말결산업무 퇴근교통비,0
21년 2월 대구사무실 KT텔레캅 보안수수료,5
점포방문주차료,2
점포방문주차료,2
주유,1
팀원석식(구조개선관련 ？동면담 후),6
주유,1
주차료,2
주차료,2
도급사 미팅 후 귀가 교통비,0
매장순회시 발생한 통행료 및 주차료,2
업무차_톨비주차비,2
신규오픈점 3일차 중식(PMQC) 결재 오류 환불,6
2월 주유비,1
2월 주유비 결제,1
커피 품질 점검 이동 교통비(더플레이스),0
비연고 교통비신청(994584),0
업무차_주유비,1
미팅 후 식사,6
2월 순회 주차비,2
2월 순회 주차비,2
2월 순회 주차비,2
볼 샐러드 신제품 점주/스텝 시식,6
3월 사무실 주차장,2
2월 마감 회의 후 식사,6
주차비(울산화봉),2
주차장 이용료,2
주유비,1
하이패스 통행료,0
퇴근 시 업무 교통비(취소),0
퇴근 시 업무 교통비 수수료,5
중식_광주 점장님들과 식사,6
커피 6개_충장로 사원 간식 구매,6
광주 출장 시 교통비,0
순대국밥_사업팀 미팅 후 식사,6
택시비-제당방문,0
야근후 귀가 택시비(취소예정),0
야근후 귀가 택시비(취소분),0
제당점방문 택시비(취소후재결제),0
알앤디방문 택시비(취소예정),0
알앤디방문 택시비(재결제 추가분-콜),0
알앤디방문 택시비(취소후 재결제),0
2월주차비,2
2월주차비,2
철산역점리뉴얼협의식대,6
[시생산]신제품 파베이크(데일리치아바타)-2차,4
잔업시식대(6인),6
성모병원점 방문시 주차비용,2
카페구월로데오 방문시 주차비용,2
잔업시식대_전현우외 4인,6
주차비,2
유류비,1
주차비,2
주차비,2
scm팀 회의시식대,6
잔업시식대,6
02월_업무차 쿄통비_주차비,2
미팅시 식사대,6
출장시 항공료,0
출장 이동시 택시비,0
출장 이동시 택시비,0
주차비결제,2
회의비] 부서 미팅 시 음료 구입비,6
개인제과점 시장조사시 사용,4
영업활동시 주유비,1
영업활동시 통행료,0
인사서비스 중식비용,6
업무교통비,0
잔업후 석식비용,6
구성원 면담 시 음료비용,6
외부 활동간 발생된 주차요금 처리건,2
TRM/리뉴얼 대상점 방문시 발생된 교통비 처리건,0
TRM/리뉴얼 대상점 방문시 발생된 교통비 처리건,0
TRM/리뉴얼 대상점 방문시 발생된 교통비 처리건,0
TRM/리뉴얼 대상점 방문시 발생된 교통비 처리건,0
교통비,0
구성원 면담 시 중식비,6
구성원 면담 시 중식비,6
퇴근 교통비,0
물품구입 주차료,2
3월 출장 (대표님서울-동대구),0
3월 출장 (변희성님서울-동대구),0
2월 업무활동시 주차비 사용,2
고속터미널 위생 점검방문 주차비,2
도급사 방문시 택시 이용,0
업무이동시 주유비(순천선평정산),1
영업활동 통행료 사용,0
영업활동 주유비 사,1
현장활동시 주차비,2
업무차 교통비 (퀵),0
업무차 교통비,0
업무차 교통비,0
시장조사 진행,4
시장조사 진행,4
시장조사 진행,4
빵파트 정기품평 시장조사,4
카카오택시 자동 결제,0
카카오택시 자동 결제,0
카카오택시 자동 결제,0
빵파트 시장조사 이동,0
카카오택시 자동 결제,0
카카오택시 자동 결제,0
카카오택시 결제 취소,0
카카오택시 자동 결제,0
카카오택시 자동 결제,0
카카오택시 결제 취소,0
카카오택시 자동 결제,0
카카오택시 자동 결제,0
1파트 구성원면담시 식사비,6
2월임옥빈님교통비,0
2월손진희님교통비,0
TP 촬영후 기물 운송시 택시비,0
2월 주유비,1
2월 톨게이트 비용,0
구성원 식대,6
생산부서장 간담회시 식사,6
주차비,2
통행료,0
음료(점주면담 SC동행),6
3월신제품 시생산 참관(음성공장),4
주유비,1
신제품 품평회 장소 방문 주차비,2
톨게이트비용,0
톨게이트비용,0
톨게이트비용,0
톨게이트비용,0
업무차교통비(주차비),2
SC 점심식사 비용,6
2월 주차비,2
이미지 촬영 외근시 교통비,0
스시 (제일제면소 메뉴 미팅 후 식사),6
STCP점포 상담시 음료,6
사무실 내근 주차료.,2
21년 2월 하이패스 대금.,0
마산합포중앙점 오픈지원 인력 식대,6
통행료,0
점포방문 주차비,2
업무차 교통비(주차비),2
업무차 교통비(주차비),2
업무차 교통비(주유비),1
업무차 교통비(톨게이트비),0
업무차 교통비(주차비),2
음성물류 업무 출장시 석,0
대전팀 SC 점심식사,6
SC 3명 팀장님 면담 석식,6
점포방문 주유비,1
점포방문 주차비,2
주차비,2
영업1팀장 및 SC 미팅 후 식대,6
2/25일 점심식사 4명(곽병희님 외 3명),6
3월 신제품 교육 참석으로 가산아카데미 주차장 이,2
팀장님SC 저녁식사진행,6
통행료,0
외부 미팅 이동 택시비,0
팀 점심식사 비용,6
시장조사 이동 택시비,0
외부 미팅 이동 택시비,0
진천 공장 방문 후 이동 교통비,0
하이패스 비용 발생,0
2월 톨게이트 비용,0
전주센터-전주역 택시비,0
점포방문 시 하이패스,0
점포방문 시 주차,2
점포방문 시 주차,2
점포방문 시 주유,1
잔업시식대,6
잔업시식대,6
회의시식대,6
업무차교통비,0
회의시식대,6
업무차교통비,0
회의시식대,6
회의시식대,6
회의시식대,6
회의시식대,6
회의시식대,6
잔업시식대,6
회의시식대,6
비연고 교통비신청(995478),0
SC 점포 방문간 자가차량 주유,1
기말결산업무 퇴근교통비,0
서현회계법인 PA업무 중식대,6
기말결산업무 퇴근교통비,0
기말결산업무 퇴근교통비,0
재무팀 기말업무 잔업시식대,6
2월 톨게이트 비용,0
점포방문주차료,2
점포방문주차료,2
주차료,2
유료톨비,0
주차료,2
주차료,2
주차료,2
주유,1
야근자(임승현님 외 2명) 간식대,6
현장방문 하이패스 톨게이트,0
점포방문시 주차,2
신규오픈점 3일차 중식(PMQC),6
2월 주유비,1
을지로사옥 방문 시 주차 (주차권 구입),2
2월 톨비,0
신제품 제품보고용 샘플 이동 퀵비,4
커피 품질 점검 이동 교통비(더플레이스),0
SDSC미팅후 식사,6
음료/포항두산위브 점주 구조개선 상담,6
본사방문주차,2
2월 순회 주차비,2
2월 순회 주차비,2
2월 순회 주차비,2
4팀 점심 sc 식대,6
SC 업무 중 교통비 발생,0
SC 업무 중 교통비 발생,0
서울영업4팀 QC 신제품교육 및 분임토의 후 식사,6
SC영업활동 중 하이패스교통비 사용,0
강남자곡점 방문 주차비 사용,2
주차비(창원상남광장),2
하이패스 통행료,0
팀 점포 방문 시 주유비,1
중식_지원팀 사원들과 식사,6
광주 출장 시 교통비,0
광주 출장 시 교통비,0
광주 출장 시 교통비,0
카페신촌점 2월 신제품 교육,4
권수용_02월 주차비(업무차),2
경쟁사 딸기신제품구입- 장식물 BM,4
야근후 귀가 택시비,0
알앤디 방문-케익파트 택시비,0
제당점방문 택시비(취소예정),0
제당점방문 택시비(취소분),0
철산역점리뉴얼협의음료,6
강남자곡방문시 사무실 주차비용,2
잔업시식대(2인),6
인천터미널점 방문시 주차비용,2
부개역북부점 방문시 주차비용,2
잔업시식대_전현우외 3인,6
장비매뉴얼 점포 실사시 중식(W이신규박도이),6
계절 평촌 원상복구 미팅시 음료비,6
가맹기획점검 시 주차비,2
업무차 이동시 택시승차,0
마케팅팅 Comm.파트 식사,6
카카오커머스 미팅 후 식사(상품/마케팅팀장),6
본사 신제품 품평회시 발생된 주차비,2
일산그랜드백화점 신제품 이슈점검시 발생된 주차,2
가맹점검 시 주차비,2
[회의비]연구소 저녁식사 비용 처리 건,6
음성공장 시생산 후 가산연구소 주차,2
2/22 부산하단역점 준공 및 정산시 통행료,0
저녁식사(정석운님 외),6
품평회 진행 시 가산센터 주차비,2
마켓컬리 미팅 시 교통비(손덕호님 사용),0
오래식품 외근으로 인한 택시비 발생 (오래식품 -> 곤지암역),0
2월 점포 방문시 발생한 고속도로통행료,0
2월 월마감 회의시 발생한 구성원 중식비용,6
2월 점포 방문시 발생한 주유비,1
사원식사(1인),6
회의시 식대 (인사파트 구성원),6
21년 2월 하이패스 대금.,0
강동강일점 방문 주차료.,2
마산합포중앙점 오픈지원 인력 식대,6
주유비(마산합포중앙 오픈으로 주말근무),1
주차,2
현장 업무를 위한 2월 통행료 정산,0
점포방문 주차비,2
직원식사대금,6
업무차 교통비(톨게이트비),0
업무차 교통비(주차비),2
업무차 교통비(톨게이트비),0
업무차 교통비(주차비),2
업무차 교통비(주차비),2
업무차 교통비(주차비),2
업무차 교통비(주차비),2
업무차 교통비(주차비),2
점심 식사,6
서울센터 업무 출장시 석식,6
음성 구성원 면담시 음료 구입,6
점포방문 고속도로 통행료,0
점포방문 고속도로 통행료,0
주차비,2
뚜 강남자곡점 공사계약 주차,2
2/24일 클린데스크 후 음료 구매(총5명),6
사무실 주차비 발,2
주차요금,2
톨게이트요,0
가산 알앤디 이동 택시비,0
품평회 준비용 시장조사 제품구입,4
품평회 준비용 시장조사 제품구입,4
외부 미팅 이동 택시비,0
외부 미팅 후 복귀 택시비,0
샘플 구입을 위한 이동 교통비,0
을지로 사무실 이동 택시비,0
외부 미팅 이동 택시비,0
매장순회시 발생한 통행료,0
점포방문 시 주유,1
점포방문 시 하이패스,0
점포방문 시 하이패스,0
산곡푸르지오 3월 신제품 구매(품질협의체 참석),4
송파센터 점주 델리&음료 교육시 주차,6
회의시식대,6
업무차교통비,0
회의시식대,6
회의시식대,6
잔업시식대,6
회의시식대,6
회의시식대,6
sc 활동시 주유사용,1
SC 점포 방문간 하이패스 통행료,0
비연고 교통비신청(995478),0
서현회계법인 미팅시 음료,6
서현회계법인 PA업무 중식대,6
재무팀 기말업무 잔업시식대,6
기말결산업무 퇴근교통비,0
공간디자인담당자 퇴직인원 동반 중식(W한서원님외4인,6
2월 주차장 비용,2
주차료,2
점포방문주차료,2
동래허브스카이 방문시 점주 중식,6
유료톨비,0
주차료,2
여비교통비-업무차교통비,0
점포방문시 주차,2
주유,1
2월 주유비 결제 취소건,1
신제품 제품보고용 샘플 이동 퀵비,4
신제품 표기작업 진행,4
주유,1
2월 순회 주유비,1
2월 순회 주차비,2
2월 순회 주차비,2
SC 업무 중 교통비 발생,0
SC 업무 중 교통비 발생,0
찹쌀도넛 중량 편차 신제품 미흡 제품 교육 진행 구,4
본사 방문시 발생한 주차비,2
톨비,0
02월 권수용 톨게이트 이용료(업무차),0
주차비(창원중동),2
주차장 이용료,2
닭볶음탕_사업팀 미팅 후 식사,6
퇴근 시 업무 교통비,0
퇴근 시 업무 교통비,0
순대국밥_사업부 미팅 후 식사,6
광주 출장 시 교통비 수수료,5
커피 10개_광천점 사원 간식 구매,6
광주 출장 시 교통비 수수료,5
팀 점포 방문 시 주유비,1
순대국밥_사업 미팅 후 식사,6
택시비-야근후 귀가,0
택시비-알앤디방문케익파트3명,0
택시비-본사복귀,0
야근후 귀가-택시비,0
야근후 귀가 택시비(취소후 재결제),0
알앤디방문 택시비(취소후),0
2월주차비,2
2월주유비,1
2월주차,2
성모병원점 방문시 주차비용,2
주안역북부점 방문시 주차비용,2
부개점 방문시 주차비용,2
잔업시식대_전현우외 2인,6
수원판타지움 점포방문 시 주차,2
신제품 교육참석시 주차비 사용.,2
시장조사 실사(영수증카메라),4
업체정산시 음료비(계절평촌 W.현장소장),6
서울영업4팀 회의시식대,6
가맹기획점검 시 주차비,2
산본역센트로 방문시 주차비,2
SC 영업활동시 주유비,1
2월 업무차 교통비,0
마케팅팀 Comm.파트 식사,6
상품팀 식사,6
연구소 팀장 식사,6
VOC 품질클레임 원인점검시 발생된 주차비,2
고속도로 통행요금.,0
회의시 커피 구매,6
업무이동시 주유비(이천파주)외,1
2월 신제품 홍보물,4
문정법조 방문점검 주차,2
[회의비]개발1팀 저녁 식대 비용 김대철 외 3명,6
[회의비]개발1팀 저녁 식대 비용 김대철 외 3명,6
음성공장 시생산시 가산연구소 주차,2
2/18 마산합포중앙점 준공 및 정산시 통행료,0
부산 사무실 주차장 임차료,2
2/22 뉴채널팀 회의 진행 후 잔업 시 식사 진행,6
대표이사실 드립커피 구입,6
마켓컬리 미팅 시 교통비(손덕호님 사용),0
공장장 간담회시 택시비,0
2월 점포 방문시 발생한 고속도로통행료,0
사원식사,6
퇴직사원 석식(김미주정예진),6
2월 점포방문 주차통행료,2
점포 이동간 톨게이트 사용 건,0
점심식사(이진수님 외 2명),6
사업지원담당 주간회의 時 음료구매,6
간담회음료대,6
sc 업무활동으로 인한 교통비 지출,0
업무차교통비_톨비,0
동서울터미널 제품 점간이동 작업시 주차료,2
비연고 교통비신청(200628),0
고속도로 통행료 (2/26),0
2월 점포간 이동시 발생 주차비,2
2월 점포간 이동시 발생 주차비,2
주유비,1
음성공장 출장미팅 후 식사,6
기획/글로벌IT팀장 간담회 저녁식사,6
음성물류센터 출장미팅후식사,6
구매팀 간담회 점심식사,6
잔업후교통비,0
외부 미팅 식대 및 음료,6
외부 미팅 식대 및 음료,6
이동 교통비,0
이동 교통비,0
이동 교통비,0
이동 교통비,0
회의 후 중식,6
회의 후 중식,6
회의 후 중식,6
회의 후 중식,6
시장조사비 사용,4
교통비 사용,0
교통비 사용,0
교통비 사용,0
유류비 사용,1
통행료 사용 件,0
주차비 사용 件,2
톨게이트비,0
주유비 사용 件,1
2021.02.01~02.26까지 업무차교통비,0
8일~16일 감사인 음료비 件,6
주차비 (본부 출근시 주차비용),2
점포방문 유류비,1
제주방문 시 공항주차장 이용,2
점포방문 유류비,1
사업부장님 동행 시 음료구매,6
남산케이블카 주차비,2
3월 점포방문시 발생한 고속도로통행료 및 주차비,2
통행료,0
셀프주유취소건,1
강동강일점 방문 주차료.,2
21년 2월 하이패스 대금.,0
톨게이트비,0
톨게이트비,0
음료구입( 원주문막극동 행사 협의시),6
2월 안전관리위탁수수료,5
2101 인터넷 사용수수료,5
사원 식사,6
이미연 택시비,0
직원식사(점장외 3명),6
2월 주차 및 통행료 사용 건,2
점포방문고속도로통행료 및 주차료,2
2/25 금촌베이커리 출장,0
업무차발생 휘발유주유,1
직원식사,6
2월 톨비 및 주차비,2
장충동점 방문시 주차비,2
중계브라운점 STCP 관련 미팅으로 인한 주차비,2
주차권 2시간 * 200장 구매,2
차이나팩토리 종식대금 결제,6
직원식사 결재(픽) 件,6
직원식사 결재(팩) 件,6
점포방문시 발생되는 통행료 및 주차료,2
장비매뉴얼 관련 미팅시 음료비(W이신규님외 3명),6
선물매입파트 미팅 음료 구입(4명),6
계절 평촌 원상복구 미팅시 음료비,6
하이패스,0
하이패스,0
주차비,2
가맹기획점검 시 주차비,2
가맹기획점검 시 주차비,2
카카오커머스 미팅(주차정산),2
킨텍스제2전시장 BSA 점검시 발생된 주차비,2
주유비,1
2월 신제품 홍보물,4
[여비교통비]대표님 보고건 을지로사옥 방문 주차비,2
12월주차비,2
부산마산김해 현장점검 및 미팅시 주유비,1
업무차 하이패스,0
업무차 하이패스,0
구성원 석식,6
진천ck 외근으로 인한 택시비 발생 (대소터미널 -> 진천ck),0
2월 점포 방문시 발생한 고속도로통행료,0
2월 점포 방문시 발생한 주유비,1
2월 점포 방문시 발생한 고속도로통행료,0
퇴직사원 석식(김미주정예진),6
점포 이동시 하이패스 사용 件,0
제당 머신점검차 방문 교통비,0
동두천송내동두천지행점 방문 주차비용,2
TP제주 2월 세스코수수료,5
팀 식사 건,6
신제품 점검 품평시 제품 구매비용,4
sc 업무활동으로 인한 교통비 지출,0
경조사참석유류대,1
sc 업무활동으로 인한 교통비 지출,0
sc 업무활동으로 인한 교통비 지출,0
업무차교통비_톨비,0
다산진건점 품질점검 업무시 주차사용료,2
다산진건점 점주 제품 상담 업무시 주차 사용료,2
비연고 교통비신청(200628),0
점포방문시 발생한 통행료,0
3월 전회의 후 팀장님 SC 2명 PM1명 석식,6
오픈 출근시 택시 이용 件,0
가맹점 방문시 발생한 고속도로 통행료,0
2월 점포간 이동시 발생 톨비,0
2월 점포간 이동시 발생 주차비,2
가맹점 방문시 주차장 사용,2
사업기획팀 잔업후 저녁식사,6
잔업시식대,6
톨게이트비,0
딸기 음료 빵 홍보물 제작,6
톨게이트비,0
가맹점 방문시 톨비 사용,0
출장시교통비,0
부서장 미팅후 점심식사,6
구매팀 간담회 저녁식사,6
잔업후교통비,0
외부 미팅 식대 및 음료,6
외부 미팅 식대 및 음료,6
외부 미팅 식대 및 음료,6
이동 교통비,0
이동 교통비,0
이동 교통비,0
이동 교통비,0
이동 교통비,0
이동 교통비,0
야근 석식,6
회의 후 중식,6
담당님 음료 구입,6
회의 후 중식,6
알앤디 미팅 시 음료 구입,6
시장조사비 사용,4
교통비 사용,0
교통비 사용,0
교통비 사용,0
유류비 사용,1
주차비 사용 件,2
주유비 사용,1
구 목포대성점 점주 목포북항상권 오픈물건면담중식,6
점포방문 유류비,1
점포방문 유류비,1
가산아카데미 신제품교육 참석시 발생한 주차,2
셀프주유취소건,1
주유비,1
진주 상대점주님 식사 비용,6
주차비,2
2/25(목)부산타워 방문 시 식대(중식),6
리뷰음료 용기 깔때기 구매,6
휘발유 주유,1
직접 배달하여 교통비 발생,0
21.02 주차장전기공사비용,2
21.02 회의식대_커피구매,6
21.02 회의식대_점장박현주김보경님점심식사,6
21.02 회의식대_직원간식(커피),6
사원 중식 구매,6
2월신제품 교육시 양배추 구입비용,4
sc 업무활동으로 인한 교통비 지,0
광화문경희궁의아침점 방문시 주차비,2
가산교육원 방문시 주차비,2
종로점 방문시 주차비,2
주차권 2시간 * 200장 구매,2
직원식사 결재(팩) 件,6
직원식사 결재(픽) 件,6
주부식대금(송이영김현미),6
식사(이시형님외1명),6
직원식사비용 결제,6
주부식대금,6
주부식대금,6
주부식대금,6
롯데마트울산(2) 점포방문시 주차비 사용,2
울산삼산(2) 점포방문시 주차비 사용,2
직원식사,6
직원식사,6
직원식사,6
직원식사,6
직원식사,6
직원식사,6
직원식사,6
직원식사,6
직원식사,6
직원식사,6
직원식사,6
직원식사,6
직원식사,6
직원식사,6
직원식사,6
직원식사,6
무료주차시간 초과,2
직원식사,6
직원식사,6
직원식사,6
직원식사,6
직원식사,6
직원식사,6
직원식사,6
직원식사,6
직원식사,6
직원식사,6
직원식사,6
직원식사,6
직원식사,6
직원식사,6
직원간식 (음료수),6
직원식사,6
직원식사,6
직원식사,6
직원식사,6
직원식사,6
직원식사,6
직원식사,6
직원식사,6
이천장호원 경쟁사 신제품 조사,4
2월 톨게이트 비용,0
이천터미널점 방문주차,2
TP제주 2월 주부식대금,6
주차비(2/1-2/28),2
차병구님 택시비,0
박소연님 택시비,0
임하늘님 택시비,0
O2O배차 지연으로 택시 이용,0
O2O배차 지연으로 택시 이용,0
O2O배차 지연으로 택시 이용,0
점심식대,6
2월 주방오픈 교통비,0
2월 홀정사원 마감 교통비,0
송선정님 김태훈님 식사,6
통행료,0
창동대우점 방문 후 주차비,2
퇴근교통비,0
퇴근교통비,0
퇴근교통비,0
퇴근교통비,0
퇴근교통비,0
2월 27일 폐점교통비,0
톨게이트,0
21년 02월 시내교통비_정해원님,0
21년 02월 시내교통비_오세영님,0
21년 02월 시내교통비_이건우님,0
제당 머신점검차 방문 교통비,0
음성공장 시생산시 톨비사용,0
FSSC22000컨설팅 2차 진행시 음료수 구입,6
신제품 점검 품평시 제품 구매비용,4
sc 업무활동으로 인한 교통비 지출,0
본사미팅참석유류대,1
sc 업무활동으로 인한 교통비 지출,0
회의비_점포 방문시 식대_이성문외1명,6
업무차교통비_본사 근무 주차료,2
본사 업무시 일주차 사용료,2
남양주도심점 품질점검 업무시 주차사용료,2
비연고 교통비신청(200628),0
비연고 교통비신청(200628),0
2/24일 음료구매 3명(손애경님 외 2),6
2월 점포간 이동시 발생 톨비,0
2월 점포간 이동시 발생 주차비,2
2월2일~26일까지 업무차 톨비 및 주차비,2
지주사 미팅 후 식사,6
SCM팀 간담회 점심식사,6
유류비,1
SCM/구매팀장 간담회 저녁식사,6
서울물류센터 미팅후 식사,6
SCM팀 업무미팅후 점심식사,6
외부 미팅 식대 및 음료,6
외부 미팅 식대 및 음료,6
외부 미팅 식대 및 음료,6
외부 미팅 식대 및 음료,6
이동 교통비,0
이동 교통비,0
이동 교통비,0
이동 교통비,0
담당님 음료 구입,6
회의 후 중식,6
담당님 음료 구입,6
시장조사비 사용,4
시장조사비 사용,4
교통비 사용,0
교통비 사용,0
교통비 사용,0
교통비 사용,0
회의시 식대 사용 件,6
동탄 의뢰인 미팅시 음료 구매 件,6
주차비 (강남역신논현역 상권조사),2
점포방문 시 주차비,2
사업부장님 동행 대기 주차비,2
이천터미널 점폼방문시 발생한 차량주차비,2
음료(점주면담 폐점이슈),6
제품(현장 신제품 점검 시식 및 운영자 미팅),4
영업활동 통행료 사용,0
영업황동 주차비 사,2
주차,2
주유비,1
뚝섬유원지점 품질평가로 인해 발생한 주차비,2
2/25(목)부산타워 방문 시 식대(석식),6
업무차 주차비 및 톨게이트비,2
휘발유 주유,1
계열사 업 미팅후 식사,6
직접 배달하여 교통비 발생,0
직원식사(점장외 1명),6
21.02 회의식대_ 포메인,6
[2/22] 샐러드바제공 음료피쳐2개,6
카페이태원역점 신제품 품평제품 구입,4
하이패스,0
화계사사거리점 품질점검으로 인해 발생한 주차비,2
2월 신제품 시식 및 샘플링 제품 구입 차,4
2월 톨게이트 비용,0
계절밥상소반 종식대금 결제,6
방콕9 종식대금 결,6
2월 퇴근교통비 신청,0
직원식사 결재(픽) 件,6
직원식사 결재(팩) 件,6
음료(방중호님외1명),6
택시(모란→분당),0
직원식사비용 결제,6
주부식대금,6
주부식대금,6
점장외 4명 제면소 쿠팡 식사 진행,6
동래허브스카이 점포방문시 주차비 사용,2
부산대학교(2)부산대푸르지오 점포방문시 주차비 사용,2
롯데마트울산(2) 점포방문시 주차비 사용,2
울산삼산(2) 점포방문시 주차비 사용,2
센터피스 꽃 구매 주차비 처리 건,2
빕스 아주대점 최아영님 퇴근 교통비,0
신윤서 님 교통비,0
뚜)안양범계직영점 최윤정님 2월 교통비,0
2/1~26일간 업무차 사용한 도로비및 주차비 영수증,2
고속도로 통행료,0
직원식사,6
직원식사,6
직원식사,6
직원식사,6
직원식사,6
직원식사,6
직원식사,6
직원식사,6
직원식사,6
직원식사,6
직원식사,6
직원식사,6
직원식사,6
직원식사,6
직원식사,6
직원식사,6
직원식사,6
직원식사,6
직원식사,6
직원식사,6
직원식사,6
직원식사,6
직원식사,6
직원식사,6
직원식사,6
직원식사,6
직원식사,6
직원식사,6
직원식사,6
송파센터 환급교육 참석 2회에 대한 주차비 입니다.,2
직원식사용 컵라면 구매,6
이천SK하이닉스점 방문주차,2
김선민님 택시비,0
김영혁님 택시비,0
O2O배차 지연으로 택시 이용,0
서울우유(음료 테스트용),6
2월 송유림님 퇴근교통비,0
2월 이혜진님 퇴근교통비,0
2월 홀평일오픈 교통비,0
2월 주방오픈 교통비,0
2월 교통비,0
유희영님 이가희님 식사,6
사무실 근무로 인한 주차비(신규점 도면 협의 등),2
카페수유역점 방문 후 주차비,2
한일병원점 방문 후 주차비,2
퇴근교통비,0
퇴근교통비,0
퇴근교통비,0
퇴근교통비,0
퇴근교통비,0
퇴근교통비,0
퇴근교통비,0
2월 22일 폐점교통비,0
21년 02월 시내교통비_김현수님,0
21년 02월 시내교통비_방진태님,0
21년 02월 시내교통비_박지민님,0
21년 02월 시내교통비_피미영님,0
21년 02월 시내교통비_이효숙님,0
김지현님 폐점 교통비,0
한경희님 을지로사옥 딜리버리 교통비,0
카페구리수택점 방문시 발생한 주차비,2
사무실 방문시 발생한 주차비,2
청량리미주점 방문시 발생한 주차비,2
점포 순회활동시 식사비용처리,6
정다현님 교통비,0
송보람님 교통비,0
매장 대청소 퇴근 교통비,0
이우림님 교통비,0
장동진님 교통비,0
2월8일 마감교통비_허성려님,0
퇴근교통비_황희준,0
카톨릭대장례식장-집 이동,0
본사-카톨릭대장례식장 이동,0
주부식대금(양민김소라),6
택시(모란→분당),0
음료(YTN 명절 인사),6
직원식사비용 결제,6
주부식대금,6
부산교대역 점포방문시 주차비 사용,2
부산동의의료원 점포방문시 주차비 사용,2
연제이마트 점포방문시 주차비 사용,2
롯데마트울산(2) 점포방문시 주차비 사용,2
빕스 아주대점 박현주님 퇴근 교통비,0
퇴근교통비K_이다여,0
이광영 님 교통비,0
직원식사,6
직원식사,6
직원식사,6
직원식사,6
직원식사,6
직원식사,6
직원식사,6
직원식사,6
직원식사,6
직원식사,6
직원식사,6
직원식사,6
직원식사,6
직원식사,6
직원식사,6
직원식사,6
직원식사,6
직원식사,6
직원식사,6
직원식사,6
직원식사,6
음료 캐리어 포장 봉투 구매,6
2월 점포 순회 시 발생 주차비(영수증 내 점포명 기입),2
직원식사,6
직원식사,6
직원식사,6
직원식사,6
직원식사,6
직원식사,6
직원식사,6
직원식사,6
직원식사,6
2월 톨게이트 비용,0
2월 주유비,1
TP제주 2월 주부식대금,6
톨비(2/1-2/28),0
이다인님 택시비,0
주혜린님 택시비,0
O2O배차 지연으로 택시 이용,0
O2O배차 지연으로 택시 이용,0
2월 홀주말오픈 교통비,0
2월 주방오픈 교통비,0
2월 홀정사원 마감 교통비,0
2월 하이패스 주차비용,2
카페수유역점 방문 후 주차비,2
퇴근교통비,0
퇴근교통비,0
퇴근교통비,0
퇴근교통비,0
퇴근교통비,0
21년 02월 시내교통비_최현관님,0
21년 02월 시내교통비_박상복님,0
21년 02월 시내교통비_허한결님,0
21년 02월 시내교통비_심민용님,0
21년 02월 시내교통비_이성경님,0
21년 02월 시내교통비_이한빛님,0
21년 02월 시내교통비_김도영님,0
뚜레쥬르 부산장산역점 김솔비님 퇴근교통비,0
김혜린님 폐점 교통비,0
김재훈님 폐점 교통비,0
사무실 방문시 발생한 주차비,2
점포 방문활동시 발생한 고속도로 통행료,0
사무실  방문시 발생한 주차비,2
점포방문활동시 발생한 주유비,1
카페구리갈매점 방문시 발생한 주차비,2
빕스 수원역사점 2월 시내교통비,0
빕스 수원역사점 2월 시내교통비,0
정혜원님 교통비,0
빕스 수원역사점 2월 시내교통비,0
품질점검 및 위생점검을 위한 업무차 교통비,0
마감 택시비,0
2월 점포 방문시 교통비,0
성승민님 교통비,0
2/27일 김유빈 퇴근 택시비,0
빕스 중동소풍점 김용기님 택시비,0
비연고 교통비신청(998074),0
정규영님 02월 교통비,0
사무실내근주차비,2
업무차주유비,1
업무차통행료,0
2월 1일7일8일9일14일20일22일24일 택시비,0
팀회의시식대,6
팀회의시식대,6
주말출근시유류비,1
회의시음료,6
퇴근교통비,0
잔업시식대,6
회의시음료,6
퇴근교통비,0
회의시식대,6
퇴근교통비,0
2월_N서울타워 KT텔레캅(무인보안시스템) 용역수수료,5
2월 이수빈님 교통비,0
2월 노동영님 교통비,0
2월 이지혜님 교통비,0
인천공항 UB 직영점 카드수수료 예정가(농협),5
인천공항 UB 직영점 카드수수료 예정가(비씨),5
점포사원 주부식대-권기영,6
점포사원 주부식대-김재욱,6
점포사원 주부식대-박지혜,6
점포사원 주부식대-김희경,6
TP제주 2월 여비교통비(신메뉴교육),0
구성원 식대,6
시내교통비,0
직원식사,6
직원식사,6
식대 월결제,6
인플루언서 식사 결제,6
직원간식 (음료수),6
무료주차시간 초과,2
점포방문시 발생 고속도로 통행료,0
점포방문시 발생 고속도로 통행료,0
동서울터미널점 방문 주차비,2
서울여대점 방문 주차비,2
권기영님 2월 톨게이트 이용료,0
공급사미팅음료(김석훈좋은농산),6
야근후교통비,0
야근후교통비,0
야근후교통비,0
야근후교통비,0
야근후교통비,0
야근후교통비,0
업무차교통비,0
2월 지역순회시 주차비 고속도로통행료 발생,2
2월 교통비,0
주차비,2
주유비,1
교통비,0
신규오픈점 방문 (커피8명이용),6
교통비,0
주유비,1
교통비,0
2월 부산서면점 교통비_정영훈,0
2월 부산서면점 교통비_김수진,0
2월 부산서면점 교통비_최미소,0
2월 부산서면점 교통비_조은진,0
2021.02 김은주 퇴근 교통비,0
주부식대금,6
주부식대금,6
건국대병원점 방문 시 주차 비용,2
매장 방문 시 유류 비용,1
SC 본사 방문 시 주차 비용,2
대학로점 방문 시 주차 비용,2
건국대병원점 방문 시 주차 비용,2
공덕해링턴점 방문 시 주차 비용,2
대학로점 방문 시 주차 비용,2
카카오택시 선결제 후 취소,0
미팅시 식대,6
미팅시 음료,6
카카오커머스 미팅시 음료대,6
미팅시 식대,6
택시,0
딜리버리 상품팀 담당자 석식,6
프레시웨이 미팅시 식대,6
택시,0
미팅시 음료대,6
본부 리더 식대,6
택시,0
면담시 식대,6
야근 식대,6
택시,0
택시,0
택시,0
미팅시 식대,6
특근시 식대,6
주유비,1
월 정기 주차료,2
분과위원회 미팅시 교통비(취소분),0
분과위원회 미팅시 교통비,0
교통비,0
영업활동시 주차비,2
영업활동시 통행료,0
택시비 (제일제면소 봄개정 출시점검),0
점포 방문 주유비,1
점포명:면목주차장사용,2
점포명:상봉역주차장사용,2
TRM/리뉴얼 대상점 방문시 발생된 교통비 처리건,0
사무실 출근시 주차비,2
점포개빌팀 주간회의 후 식사비,6
연구소석식식대(한상석님 김태철팀),6
해장국 (제일제면소메뉴미팅 후 식사),6
아메리카노 (제일제면소 미팅 후 음료),6
후불 하이패스,0
강남역점 방문 주차비,2
점포 방문활동시 발생한 고속도로 통행료,0
점포 방문활동시 발생한 주유비,1
가능역점 방문시 발생한 주차비,2
사무실 방문시 발생한 주차비용처리,2
점포방문활동시 발생한 고속도로 통행료,0
롯데마트구리점 방문시 발생한 주차비,2
카페구리수택점 방문시 발생한 주차비,2
[베)서울영업 1팀]2월 점포방문시 교통비 발생,0
21.02 회의비_정사원식사_점잠외4명,6
21일 대청소 후 퇴근 교통비,0
톨게이트비용,0
업무차교통비_톨비,0
김영수님 교통비,0
퇴근교통비_김예솔,0
퇴근교통비_이슬비,0
장준호 김은별 외 2명 식사(닭갈비닭발),6
비연고 교통비신청(998074),0
정누리님 02월 교통비,0
업무차통행료,0
업무차통행료,0
카페선릉역점 주차비,2
마천사거리점 주차비,2
2월 12일14일16일22일 택시비,0
팀회의시식대,6
팀회의시식대,6
2월_안전관리위탁수수료,5
2월_보건 수수료,5
영업담당 미팅 식사,6
2월_부산타워 KT텔레캅(무인보안) 용역수수료,5
잔업시식대,6
잔업시식대,6
잔업시식대,6
잔업시식대,6
잔업시식대,6
잔업시식대,6
퇴근교통비,0
퇴근교통비,0
2월 김현진님 교통비,0
2월 장성권님 교통비,0
2월 이경란님 교통비,0
인천공항 UB 직영점 카드수수료 예정가(롯데),5
인천공항 UB 직영점 카드수수료 예정가(삼성),5
인천공항 UB 직영점 카드수수료 예정가(현대),5
점포사원 주부식대-김희경,6
점포사원 주부식대-권기영,6
점포사원 주부식대-김희경,6
점포사원 주부식대-권기영,6
점포사원 주부식대-김재욱김희경,6
월말폐점 후 직원 식사,6
구성원 식대,6
직원식사,6
인플루언서 식사 결제,6
직원식사,6
2월 유류비,1
2월 현금 주차비(송파센터 상계점),2
박지혜님 2월 출퇴근 교통비,0
야근후교통비,0
야근후교통비,0
야근후교통비,0
업무차교통비,0
야근후교통비,0
주차비,2
교통비,0
주차비,2
주유비,1
교통비,0
2월 부산서면점 교통비_남은지,0
2월 부산서면점 교통비_제정민,0
2월 교통비 (여정은),0
비연고 교통비신청(998578),0
2021.02 조예진 퇴근 교통비,0
주부식대금,6
디카페인원두 카누커피,6
매장 방문 시 유류 비용,1
SC 본사 방문 시 주차 비용,2
강남점 방문 시 주차 비용,2
가산 방문 시 주차 비용,2
대학로점 방문 시 주차 비용,2
설선물배너제작주차시트제작,2
잔업시식대(w기획팀),6
퇴근시교통비(초동→ 오포),0
회의 시 커피 구매 (W/상품팀),6
미팅시 음료대,6
R&D 방문시 주차요금,2
실행계획 보고 후 리더&기획팀 식대,6
미팅시 식대,6
택시,0
사업지원 신규전입자 석식,6
프레시웨이 미팅시 식대,6
택시,0
사업부 및 지원부서 리더 중식,6
미팅시 음료대,6
택시,0
택시,0
택시,0
진천공장 방문시 중식,6
택시,0
본부 리더 중식,6
분과위원회 미팅시 교통비(취소분),0
교통,0
회의시식대,6
회의시식대,6
매입마감 야근자 식대(안원식님 외 1명),6
영업활동시 통행료,0
점포 방문 주유비,1
점포명:다산진건주차장사용,2
[박상군]제품개발1팀 구성원과의 식사_점심,6
사무실 출근시 주차비,2
분당지역 OJT 외근활동 시 주차비,2
월주차(김종민),2
올림픽 공원점 방문 시 주차비,2
안양범계역점 방문 주차비,2
통행료,0
현장활동시 통행료,0
조문시 이동택시비 (을지로→성모병원),0
야간근무자 석식,6
야간근무자 석식,6
야간근무자 석식,6
야간근무자 석식,6
야간근무자 석식,6
야간근무자 석식,6
야간근무자 석식,6
야간근무자 석식,6
야간근무자 석식,6
야근 후 퇴근 택시비(취소분),0
야근 후 퇴근 택시비,0
야근 후 퇴근 택시비(취소분),0
야근 후 퇴근 택시비(취소분),0
야근 후 퇴근 택시비,0
야근 후 퇴근 택시비,0
야근 후 퇴근 택시비(취소분),0
야근 후 퇴근 택시비,0
을지로->가산R&D이동시 택시 승차,0
개발활동시 고속도로 통행료,0
업무차 교통,0
구성원 식사,6
부산대학교점 방문시 주차비,2
구성원 식사,6
점포방문시 통행료,0
업무차 유류비 발생,1
하이패스 비용 발생,0
2월 점포간 이동시 발생 톨비,0
2월 영업활동 유료도로 통행료,0
특납후 식대,6
팀장님 동행순회 후 식사,6
통행,0
점포방문 고속도로 통행,0
업무차 사무실 주차비발생,2
업무차 유류비발생,1
미팅 시 교통비,0
시장조사 - 신촌 이색 대왕마카롱 구,4
구성원 면담 시 음료 구매 비용,6
점심식대_제품개발1팀(2인),6
2월 점포 방문시 발생한 고속도로통행료,0
신한은행 미팅시 음료,6
뚜)강남점 방문 주차,2
야근 후 식사,6
업무차 발생 주차 비용,2
업무차 발생 주차 비용,2
업무차 발생 주차 비용,2
업무차 발생 주차 비용,2
업무차 발생 주차 비용,2
업무차 발생 주차 비용,2
업무차 발생 주차 비용,2
사무실 출근시 주차장 이용,2
사무실 방문시 주차비,2
업무차교통비,0
업무차교통비,0
비연고 교통비신청(994290),0
업무차교통비,0
업무차교통비,0
2월 마감 회의 후 식사,6
더현대서울 시장조사,4
공장 팀장급 미팅 시 식사,6
업무차 하이패스 비용,0
점포방문간 주유비/톨비/주차비 발생,2
점포방문간 주유비/톨비/주차비 발생,2
점포방문간 주유비/톨비/주차비 발생,2
bhc 주차,2
업무차 발생한 유류 비용,1
업무차 발생한 유류 비용,1
업무차 발생한 유류 비용,1
업무차 발생한 유류 비용,1
업무차 발생한 유류 비용,1
업무차 발생한 유류 비용,1
2월 영업 고속도로 통행료,0
업무차 발생한 하이패스 비용,0
업무차 발생한 하이패스 비용,0
업무차 발생한 하이패스 비용,0
업무차 발생한 하이패스 비용,0
업무차 발생한 하이패스 비용,0
업무차 발생한 하이패스 비용,0
2월 영업활동 주유비 사용,1
점주와 리뉴얼 상담 식사,6
야근후교통비,0
기획팀회의시커피,6
야근후교통비,0
기획팀회의시커피,6
야근후교통비,0
업무차 교통비,0
업무용차량 유류비 지급,1
팀 회의 후 식사,6
유류비,1
구성원 면담 시 석식,6
구성원 면담 시 업무차 교통비,0
김현지님 02월 교통비,0
최우정님 02월 교통비,0
올림픽공원역점 주차비,2
업무차 주유비,1
업무차통행료,0
2월 1일9일15일20일22일23일 택시비,0
팀회의시식대,6
팀회의시식대,6
인천공항 출퇴근시 교통비_권윤영(21.02월),0
[VIPS 제일제당센터점] 설 선물세트 판매 수수료(12월분) 件,5
[VIPS 제일제당센터점] 설 선물세트 판매 수수료(1월분) 件,5
사원식사 (서은경 외 4인 떡만두국),6
퇴근교통비,0
퇴근교통비,0
퇴근교통비,0
잔업시식대,6
퇴근교통비,0
잔업시식대,6
잔업시식대,6
퇴근교통비,0
렌트카(쏘나타) 유류비,1
렌트카(쏘나타) 유류비,1
인천공항 UB 직영점 카드수수료 예정가(국민),5
인천공항 UB 직영점 카드수수료 예정가(신한),5
인천공항 UB 직영점 카드수수료 예정가(하나),5
점포사원 주부식대-김재욱,6
점포사원 주부식대-박지혜,6
점포사원 주부식대-권기영,6
점포사원 주부식대-권기영,6
기획팀 야근식대,6
시내교통비,0
직원식사,6
직원식사,6
직원식대 결제,6
직원식대 결제,6
식대 월결제,6
인플루언서 식사 결제,6
직원 식대 월결제,6
점간이동 택시 이용,0
점포방문시 발생 고속도로 통행료,0
사무실 방문시 주차비,2
중계브라운점 방문 주차비,2
김재욱님 2월 출퇴근 교통비,0
김희경님 2월 출퇴근 교통비,0
홀선임캡틴과 저녁식사 진행,6
업무미팅음료(김석훈),6
공급사방문식사(김석훈좋은농산),6
야근후교통비,0
야근후교통비,0
야근후교통비,0
신흥역 상권조사시 주차비,2
2월 교통비,0
2월 교통비,0
교통비,0
교통비,0
교통비,0
주차비,2
교통비,0
주차비,2
교통비,0
2월 부산서면점 교통비_박정욱,0
2월 부산서면점 교통비_송준우,0
2월 부산서면점 교통비_도연우,0
2021.02 백두진 퇴근 교통비,0
2021.02 김기현 퇴근 교통비,0
주부식대금,6
주부식대금,6
주부식대금,6
주부식대금,6
SC 본사 방문 시 주차 비용,2
SC 본사 방문 시 주차 비용,2
대학로점 방문 시 주차 비용,2
대학로점 방문 시 주차 비용,2
강남점 방문 시 주차 비용,2
카카오택시 선결제 후 취소,0
퇴근시교통비(초동→ 오포),0
야근 식대,6
안전경영 전략지원 식사,6
카카어커머스 방문자 식대,6
카카오커머스 방문시 주차요금,2
택시,0
간담회시 식대,6
택시,0
택시,0
직원 면담시 식대,6
택시,0
택시,0
미팅시 식대,6
택시,0
택시,0
택시,0
타워 방문시 주차료,2
택시(인천공항 방문),0
주유비,1
분과위원회 미팅시 교통비,0
대표이사차량 주유비,1
영업활동시 주유비 사용,1
점포 방문 주유비,1
시식회 주차,2
고속도로 통행료 사용,0
TRM/리뉴얼 대상점 방문시 발생된 교통비 처리건,0
사무실 출근시 주차비,2
택시비 (제일제면소 봄개정 출시점검),0
제육볶음_사업팀 미팅 후 식사,6
[회의비]연구소 외부 미팅 식대 소장님 외,6
대학로점 방문 주차비,2
후불 하이패스,0
식대(용인지역 현장점검 PM독려),6
음료(점주면담 분당지역 이전 면담),6
TRM 회의 시 음료구매,6
야간근무자 석식,6
당직근무자 중식,6
야간근무자 석식,6
야간근무자 석식,6
야간근무자 석식,6
당직근무자 중식,6
가맹점 방문시 주유 사용,1
야간근무자 석식,6
당직근무자 중식,6
2/13일 주간근무 중식 결재,6
당직근무자 중식,6
야간근무자 석식,6
야근 후 퇴근 택시비(취소분),0
야근 후 퇴근 택시비,0
야근 후 퇴근 택시비(취소분),0
야근 후 퇴근 택시비(취소분),0
야근 후 퇴근 택시비(취소분),0
야근 후 퇴근 택시비,0
가맹점 방문시 톨비 사,0
나사렛병원 후보지 방문시 주차료,2
하이패스 비용 사용의 건,0
유류비 사용건,1
구성원 식사,6
부산대학교점 방문시 주차비,2
톨게이트비,0
구성원 식사,6
구성원 식사,6
팀 식사,6
미팅후점심식대,6
생업무차 하이패스 비용발생,0
2월 영업활동 유료도로 통행료,0
업무차 하이패스 비용발,0
업무차 사무실 주차비발생,2
생업무차 주차비발생_대전오류중앙,2
업무차 유류비 발생 취소,1
2/26일 it운영 음료구매 3명(이상철님 외 2명),6
시장조사 - 양과류 포장 벤치마킹,4
저녁식대_제품개발1팀(4인),6
업무차교통비(주유비),1
야근중 식사,6
업무차 발생 주차 비용,2
업무차 발생 주차 비용,2
업무차 발생 주차 비용,2
업무차 발생 주차 비용,2
업무차 발생 주차 비용,2
업무차 발생 주차 비용,2
업무차 발생 주차 비용,2
톨비,0
사무실 방문시 주차비,2
2월 고속도로 통행료,0
업무차교통비,0
업무차교통비,0
업무차교통비,0
업무차교통비,0
업무차교통비,0
업무차교통비,0
업무차교통비,0
포항중앙 폐점 면담 음료(박카스) 구입,6
더현대서울 시장조사,4
대명(신중한대표) 미팅 시 음료 구입,6
주차비통행료,2
2월 마감 및 3월 활성화 회의 후 식사(PM QC),6
2월 마감 및 3월 활성화 회의 후 SC 식사,6
업무차 주유비,1
점포방문간 주유비/톨비/주차비 발생,2
점포방문간 주유비/톨비/주차비 발생,2
점포방문간 주유비/톨비/주차비 발생,2
고양향동 신제품 교육시 발생된 주차비,2
팀원식사비,6
파트미팅 음료 구입(3인),6
신규 계약 영문 계약서 번역 수수료,5
주유,1
월 정기 주차,2
업무차 발생한 유류 비용,1
업무차 발생한 유류 비용,1
업무차 발생한 유류 비용,1
업무차 발생한 유류 비용,1
업무차 발생한 유류 비용,1
2월 영업 고속도로 통행료,0
업무차 발생한 하이패스 비용,0
업무차 발생한 하이패스 비용,0
업무차 발생한 하이패스 비용,0
업무차 발생한 하이패스 비용,0
업무차 발생한 하이패스 비용,0
2월 영업활동 주차장 이용료,2
야근후 퇴근 교통비 발생_트레이너후보자과정 준비,0
기획팀잔업시식대,6
기획팀잔업시식대,6
야근후교통비,0
야근후교통비,0
기획팀회의시커피,6
야근후교통비,0
기획팀잔업시식대,6
어몽어스 품평(가산) 이동 시 교통비,0
어몽어스 품평(가산) 이동 시 교통비,0
직원 종식대용 간식 구매,6
2/5 제일제당 진천공장 미팅시 하이패스 비용,0
점포 방문간 발생 톨게이트 비용,0
영업활동 통행료 사,0
2/25 금촌베이커리 미팅시 주차장 사용비용,2
본사 출근시 주차장임차료 사,2
주차비(영업활동),2
톨비(영업활동),0
주유비 (원주문막원주태장점),1
점포방문시 주차,2
주차비,2
브랜드 회의 음료 구매,6
구성원 면담 시 업무차 교통비,0
구성원 면담 시 음료,6
2월8일 야근 후 귀가시 택시이용,0
업무차 주차,2
공장 혁신활동 교육시 음료다과 구매,6
사업부 구성원 미팅시 음료구입 (결제취소건),6
사업부 구성원 미팅시 음료구입 (영업3팀),6
거래처 방문시 업무차 교통비(남산톨게이트 비용) 개인카드 사용건,0
팀회의시시식대(팀장님 노현정 김수연 이성표),6
[시장조사비]품평회 준비용 재료 구입비(함석판),4
2/24 부산하단역점 점포 미팅시 통행료,0
월 주차비 (이창윤),2
야간근무자 석식,6
야간근무자 석식,6
야간근무자 석식,6
야간근무자 석식,6
근무자 음료구매,6
야간근무자 석식,6
야간근무자 석식,6
야간근무자 석식,6
야간근무자 석식,6
야간근무자 석식,6
야간근무자 석식,6
야간근무자 석식,6
야간근무자 석식,6
야간근무자 석식,6
야간근무자 석식,6
프로모션 출고증가 석식,6
야간근무자 석식,6
야근 후 퇴근 택시비,0
야근 후 퇴근 택시비,0
야근 후 퇴근 택시비(취소분),0
야근 후 퇴근 택시비(취소분),0
야근 후 퇴근 택시비,0
을지로->가산R&D이동시 택시 승차,0
사무실 출근시 주차장 사용료(나인트리호텔 할인결재),2
하이패스 비용 사용의 건,0
하이패스 비용 사용의 건,0
안양 비산동 의뢰인 미팅시 음료 구매 件,6
잔업시 식대,6
구성원 식사,6
영업활동 주유비,1
구성원 식사,6
2월주차,2
서울영업4팀 회의 시식대,6
업무차 주차비 발생,2
생업무차 주차비 발생,2
[고양시화재보상] 2월 김예빈님 교통비,0
2월 영업활동 주유비,1
톨게이트비용,0
통행료,0
주차비결제,2
업무차 유류비 발생 취소,1
2/26일 it운영 점심식사 3명(이상철님 외 2명),6
미팅 시 교통비,0
미팅 시 식대,6
시장조사 -투썸플레이스 비건 샌드위치 등,4
여의도 더 현대서울 시장조사,4
품평제품 개선에 따른 내부미팅_ 택시이동,0
구성원 미팅시 음료,6
구성원 미팅 후 식대,6
야근중 식사,6
야근중 식사,6
미팅 시 음료 (W/인사)_인센티브,6
업무차 발생 주차 비용,2
업무차 발생 주차 비용,2
업무차 발생 주차 비용,2
업무차 발생 주차 비용,2
업무차 교통비(주차비),2
업무차 교통비(톨게이트비),0
업무차 발생 주차 비용,2
업무차 발생 주차 비용,2
일산장항(위탁) 임대인(분당거주) 재계약시 커피,6
일산장항점 방문시 주차비,2
2월 고속도로 통행료,0
업무차교통비,0
업무차교통비,0
업무차교통비,0
업무차교통비,0
업무차교통비,0
업무차교통비,0
업무차교통비,0
업무차교통비,0
기타수수료,5
더현대서울 시장조사,4
2월 마감 및 3월 활성화 회의 후 식사(PM QC),6
점포방문간 주유비/톨비/주차비 발생,2
점포방문간 주유비/톨비/주차비 발생,2
국내 출장 시 식사,6
파주운정비발디점 점주 도면미팅 주차 (가산아카데미),2
알앤디 주차,2
음성공장 톨케이트비,0
업무차 발생한 유류 비용,1
업무차 발생한 유류 비용,1
업무차 발생한 유류 비용,1
업무차 발생한 유류 비용,1
업무차 발생한 하이패스 비용,0
업무차 발생한 하이패스 비용,0
신제품 품평회 제품 구매,4
야근후교통비,0
기획팀회의시커피,6
야근후교통비,0
기획팀잔업시식대,6
기획팀회의시커피,6
기획팀잔업시식대,6
2/25 금촌베이커리 미팅시 하이패스 비용,0
사무실 방문간 발생 주차비,2
점포 방문간 발생 톨게이트 비용,0
사무실 출근시 주차 사용비,2
톨비(영업활동),0
톨비(영업활동),0
점포방문시 주차,2
팀 회의 후 식사,6
구매상품팀 미팅 후 식사,6
사업팀기획팀 미팅 식사,6
구성원 면담 시 음료,6
pm미팅후 식사,6
사업부 구성원 미팅시 음료구입 (재결제),6
심오주님 폐점 교통비,0
베지스타 방문후 가산 업무시 주차비,2
야근시식대(5인),6
야근식대_스테이크모듈 준비,6
야근식대_스테이크모듈 준비,6
TRM 점포 방문시 택시비,0
업무차 주유,1
주유,1
발렌 라방 김호영 주차비,2
발렌 라방 김호영 주차비,2
이동비 - 여의도 더현대 서울 시장조사,0
하이패스,0
회의비_멀티스토어 확장 관련 유관부서 미팅후 중식,6
회의비_브랜드 점장회의 후 참석자 중식,6
TP 회의시시식대,6
회의후 식사 진행,6
점포 이동시 톨게이트 비용,0
점포 이동시 톨게이트 비용,0
어린이대공원점 방문시 주차비용 발생,2
점포 이동시 톨게이트 비용,0
점포 이동시 톨게이트 비용,0
점포 이동시 톨게이트 비용,0
광명역 주차장 이용,2
점포 이동시 톨게이트 비용,0
울산 구성원 커피 구입,6
광명역 주차장 이용,2
제조기획 중식,6
강민재님 교통비,0
백광훈님 교통비,0
물건지 방문간 주유비,1
물건지방문간 통행료,0
팀 미팅후 식사(방중호서장훈),6
사이트 방문시 유류비,1
점장 미팅시 음료 구매(안창수권기영김현진),6
팀 미팅 후 식사(서장훈),6
부산타워 미팅시 교통비,0
인천공항 방문시 주차비,2
사이트 방문시 유류비,1
부산타워 미팅시 교통비,0
인천공항 방문시 주차비,2
2月 [부식대금_소방 공사 업체 점장님 미팅 식사비],6
2月 [부식대금_주차주임님 면담식대 비용],2
김영화(매니져)폐점교통비,0
외)기획관리팀_퇴근교통비,0
21년 2월 디지털망원경 신용카드 수수료,5
마감교통비(오윤철님),0
고속도로 통행료 사용,0
서울영업3팀 회의식사비,6
야근시 잔업시식대,6
점포 방문 시 유류대 사용,1
점포방문주차,2
뚜레쥬르 부산장산역 박주흠님 폐점교통비,0
구성원 면담 시 음료,6
공장 혁신활동 교육시 음료다과 구매,6
사업부 구성원 미팅시 음료구입 (결제취소건),6
사업부 미팅 후 중식 (영업3팀),6
커피원두 구매,6
박예진님 폐점 교통비,0
야근시 식사비용(팀원),6
김대용님_R&D 미팅시 음료비용,6
야근시시식대(차정빈외),6
김정봉님 신제품 샘품용 팬구,4
TRM 점포 방문시 택시비,0
가산 r&d주차,2
가산 r&d주차,2
발렌 라방 김호영 주차비,2
카카오선물하기 시장조사를 위한 제품 구매 件,4
TP 회의시시식대,6
회의시 커피 구입,6
점포 이동시 톨게이트 비용,0
점포 이동시 주유비 발생,1
점포 이동시 톨게이트 비용,0
점포 이동시 주유비 발생,1
점포 방문시 주차비용 발생,2
본사 회의후 식사 진행,6
점포 이동시 톨게이트 비용,0
점포 이동시 톨게이트 비용,0
센텀 방문시 구성원 커피 구입,6
부산 지역 방문시 택시 이용,0
점포 이동시 톨게이트 비용,0
가산 방문시 주차장 이용,2
본사 회의후 식사 진행,6
울산 이동시 택시 이용,0
제조기획 미팅 음료(김효훈백승열),6
이정연님 교통비,0
물건지 방문간 통행료,0
사무실방문간 주차비,2
사이트 방문시 유류비,1
팀 미팅후 식사(방중호님),6
팀 미팅 후 식사(방중호권윤영),6
팀 미팅 후 식사(방중호서장훈),6
사이트 방문시 유류비,1
부산타워 미팅시 교통비,0
정사원 시상금 점심식사 회의비사,6
2月 [정비수수료_프린터 렌탈 및 정비 수수료],5
2月 [부식대금_정사원 점심 식사 비용],6
2月 [부식대금_설 명절 직원 간식 구입비],6
2月 [부식대금_점장님 얌딜리버리 협약 식사],6
이현호(캡틴)폐점교통비,0
2월 23일 울산다운점 도면협의 하이패스 통행료,0
부서 구성원 음료 구입,6
TP신메뉴 출시 지원시 교통비(택시),0
잔업시식대(차정빈외1명),6
고속도로 통행료 사용,0
점포방문시 주유비사,1
점포방문주유비,1
야근시 잔업시식대,6
야근시 잔업시식대,6
3월 품평 델리(샌드위치 외 2종) 시장조사 제품 구매,4
통행료,0
하이패스,0
파트 중식비용,6
야근시 잔업시식대,6
승진전형 음료 구입,6
회의시식대,6
외식 기프트카드 2020년 2월 판매/충전 카드(PG) 수수료 件,5
부산하단역 신규오픈 지원인력 식대,6
부산하단역 신규오픈 지원인력 식대,6
부산하단역 신규오픈 지원인력 식대,6
2월 그린테리아 임직원할인(조/중식),6
엘케이나인 온라인판매대행 수수료 정산('21년 2월),5
넥스트에너지 HMR 판매대행 수수료 정산(21년 2월분),5
홈이디어 HMR 판매수수료 정산(21년 2월분),5
페이코 2월 쿠폰매출 정산 수수료 件,5
출근 교통비,0
출근 교통비,0
출근 교통비,0
출근 교통비,0
출근 교통비,0
출근 교통비,0
출근 교통비,0
출근 교통비,0
업체 미팅 시 음료구매 (디즈니),6
용산 부평 제당 등 점포 방문 시 주차장 사용+특납배달 주차장 사용 등,2
캐치테이블 사용 수수료,5
카카오 21년 2월 판매분 수수료 정산,5
11번가 21년 2월 판매분 수수료 정산,5
외)기획관리팀_퇴근교통비,0
TRM 점포 방문시 택시비,0
톨비,0
뚜 구로디지털직영점 현장점검 협의음료,6
뚜 구로디지털직영점 현장점검 주차,2
회의비_조직장회의 전달 미팅 후 리더 중식,6
회의비_멀티스토어 확장 관련 유관부서 미팅후 중식,6
2월정기주차권,2
점포이동시 톨게이트 비용,0
회의후 식사 진행,6
점포 이동시 톨게이트 비용,0
대표님) 성모병원 방문시 주차비용,2
본사 회의시 식사 진행,6
점포 이동시 톨게이트 비용,0
점포 방문시 주유비 발생,1
회의시 커피 구입,6
부산 지역 점포방문시 택시이용,0
부산 지역 점포방문시 택시이용,0
점포 이동시 주유비 발생,1
점포 이동시 톨게이트 비용,0
울산 점포 이동시 택시 이용,0
영등포 시생산 음료구,6
제조기획 중식,6
제조기획 중식,6
사무실방문간 주차비,2
인천공항 방문시 주차비,2
코엑스몰 방문시 주차비,2
사이트 방문시 유류비,1
부산타워 미팅시 교통비,0
인천공항 방문시 주차비,2
부산타워 미팅시 교통비,0
부산타워 미팅후 식사(황준일),6
팀 미팅후 식사(방중호),6
팀 미팅후 식사(방중호서장훈),6
인천공항 방문시 주차비,2
부산타워 미팅시 교통비,0
2月 [부식대금_주차주임님 도시락 비용],2
오윤식(캡틴)폐점교통비,0
김진우(스탭)폐점교통비,0
창동대우_신제품 품질개선 교육,4
21년 2월 디지털망원경 캐시비 수수료,5
21년 2월 디지털망원경 티머니 수수료,5
부서 구성원 점심 식사,6
SC사무실방문 주차비,2
점포방문 주차비,2
인사팀 회의시식대,6
점포 이동 시 유류대 사용,1
3월 품평 델리(샐러드 외 2종) 시장조사 제품 구매,4
3월 품평 델리(샌드위치 외 1종) 시장조사 제품 구매,4
시생산차 업체와 점심식사(오래식품),6
주차비,2
주유비,1
야근시 잔업시식대,6
회의시식대(취소분),6
회의시식대,6
회의시식대,6
부산하단역 신규오픈 지원인력 식대,6
부산하단역 신규오픈 지원인력 식대,6
페이코 2월 포인트 매출 정산 수수료 件,5
페이코 2월 쿠폰매출 정산 수수료 件,5
출근 교통비,0
출근 교통비,0
출근 교통비,0
출근 교통비,0
출근 교통비,0
출근 교통비,0
빕스 아주대점 김보경님 퇴근 교통비,0
미팅 시 음료구매 (김참새 작가),6
위메프 21년 2월 판매분 수수료 정산,5
2월 플러스앤 수수료,5
넥스트에너지 2월 판매수수료,5
강남대로방문 주차비 사용건,2
지원담당회의시 음료,6
잔업시 식대,6
주스솔루션 신제품 개발 재료비,4
신제품 개발 재료비(화채용 스푼),4
3월 품평 델리(샌드위치 외 2종) 시장조사 제품 구매,4
2월 주차비통행료,2
주유비,1
그램인사이드/타워 방문 교통,0
2월 순회 주차비,2
파트 중식비용,6
캐치테이블 사용 수수료,5
회의시식대(취소분),6
회의시식대,6
부산하단역 신규오픈 지원인력 식대,6
부산하단역 신규오픈 지원인력 식대,6
플러스앤 복지몰 이용수수료(21년 2월분),5
페이코 2월 카드매출 정산 수수료(PG) 件,5
출근 교통비,0
출근 교통비,0
출근 교통비,0
출근 교통비,0
출근 교통비,0
2월 데일리호텔 더플 판매수수료,5
2월 레저큐 판매 수수료,5
G마켓 21년 2월 판매분 수수료정,5
2월 인터파크 판매수수료,5
네이버 21년 2월 판매분 수수료 정산,5
[예정가] 2월_투썸 위탁용역수수료,5
신제품 개발 재료비(밀키스),4
주스솔루션 신제품 개발 재료비,4
잔업시 퇴근교통비,0
잔업시 식대 김기환외 2명,6
잔업시 식대,6
신제품 개발용 샘플 구매(기성소다파우더),4
